time[YYYY-MM-DD hh:mm:ss PST], oxygensat, oxygen,depth
6/27/18 16:16,29.75,1.934,16
6/27/18 17:16,26.663,1.747,16
6/27/18 18:16,30.293,1.985,16
6/27/18 19:16,25.371,1.664,16
6/27/18 20:16,24.333,1.598,16
6/27/18 21:16,27.574,1.809,16
6/27/18 22:16,28.418,1.864,16
6/27/18 23:16,28.355,1.861,16
6/28/18 0:16,36.634,2.395,16
6/28/18 1:16,35.853,2.34,16
6/28/18 2:16,33.834,2.203,16
6/28/18 3:16,31.687,2.057,16
6/28/18 4:16,32.283,2.104,16
6/28/18 5:16,32.875,2.149,16
6/28/18 6:16,32.499,2.131,16
6/28/18 7:16,31.465,2.064,16
6/28/18 8:16,35.413,2.322,16
6/28/18 9:16,37.035,2.426,16
6/28/18 10:16,36.385,2.382,16
6/28/18 11:16,32.564,2.136,16
6/28/18 12:16,34.637,2.269,16
6/28/18 13:16,35.537,2.323,16
6/28/18 14:16,35.722,2.331,16
6/28/18 15:16,36.682,2.385,16
6/28/18 16:16,39.598,2.577,16
6/28/18 17:16,35.25,2.287,16
6/28/18 18:16,38.561,2.507,16
6/28/18 19:16,35.651,2.322,16
6/28/18 20:16,36.566,2.387,16
6/28/18 21:16,36.248,2.37,16
6/28/18 22:16,35.283,2.311,16
6/28/18 23:16,35.989,2.354,16
6/29/18 0:16,36.705,2.401,16
6/29/18 1:16,36.059,2.36,16
6/29/18 2:16,36.508,2.387,16
6/29/18 3:16,-26.212,-1.711,16
6/29/18 4:16,37.726,2.458,16
6/29/18 5:16,37.862,2.474,16
6/29/18 6:16,37.155,2.43,16
6/29/18 7:16,36.122,2.364,16
6/29/18 8:16,36.575,2.395,16
6/29/18 10:01,37.022,2.417,16
6/29/18 11:01,36.118,2.36,16
6/29/18 12:01,35.405,2.314,16
6/29/18 13:01,35.86,2.343,16
6/29/18 14:01,35.273,2.303,16
6/29/18 15:01,35.332,2.304,16
6/29/18 16:01,37.532,2.447,16
6/29/18 17:01,36.155,2.344,16
6/29/18 18:01,36.607,2.375,16
6/29/18 19:01,39.928,2.602,16
6/29/18 20:01,35.666,2.333,16
6/29/18 21:01,35.281,2.31,16
6/29/18 22:01,35.479,2.324,16
6/29/18 23:01,35.346,2.316,16
6/30/18 0:01,34.178,2.238,16
6/30/18 1:01,36.244,2.367,16
6/30/18 2:01,34.954,2.286,16
6/30/18 3:01,33.205,2.173,16
6/30/18 4:01,35.398,2.31,16
6/30/18 5:01,35.525,2.315,16
6/30/18 6:01,40.124,2.615,16
6/30/18 7:01,38.124,2.492,16
6/30/18 8:01,36.573,2.394,16
6/30/18 9:01,35.34,2.31,16
6/30/18 10:01,32.431,2.123,16
6/30/18 11:01,33.851,2.214,16
6/30/18 12:01,34.114,2.233,16
6/30/18 13:01,34.114,2.234,16
6/30/18 14:01,33.144,2.17,16
6/30/18 15:01,33.014,2.16,16
6/30/18 16:01,33.399,2.184,16
6/30/18 17:01,35.524,2.313,16
6/30/18 18:01,40.293,2.609,16
6/30/18 19:01,38.225,2.477,16
6/30/18 20:01,40.314,2.626,16
6/30/18 21:01,34.757,2.273,16
6/30/18 22:01,33.924,2.223,16
6/30/18 23:01,33.274,2.182,16
7/1/18 0:01,33.083,2.17,16
7/1/18 1:01,33.017,2.163,16
7/1/18 2:01,33.138,2.166,16
7/1/18 3:01,33.782,2.207,16
7/1/18 4:01,34.619,2.257,16
7/1/18 5:01,35.005,2.281,16
7/1/18 6:01,39.664,2.582,16
7/1/18 7:01,34.754,2.271,16
7/1/18 8:01,33.986,2.226,16
7/1/18 9:01,32.499,2.131,16
7/1/18 10:01,33.02,2.166,16
7/1/18 11:01,33.02,2.165,16
7/1/18 12:01,33.02,2.165,16
7/1/18 13:01,33.02,2.165,16
7/1/18 14:01,33.085,2.17,16
7/1/18 15:01,33.143,2.17,16
7/1/18 16:01,32.878,2.149,16
7/1/18 17:01,30.787,2.003,16
7/1/18 18:01,36.01,2.323,16
7/1/18 19:01,31.103,2.014,16
7/1/18 20:01,35.91,2.339,16
7/1/18 21:01,34.889,2.281,16
7/1/18 22:01,32.431,2.123,16
7/1/18 23:01,1.10E+12,1.10E+12,16
7/2/18 0:01,31.98,2.098,16
7/2/18 1:01,31.204,2.045,16
7/2/18 2:01,30.167,1.979,16
7/2/18 3:01,30.426,1.996,16
7/2/18 4:01,31.708,1.756,16
7/2/18 5:01,31.047,2.018,16
7/2/18 6:01,31.959,2.081,16
7/2/18 7:01,32.878,2.149,16
7/2/18 8:01,32.497,2.129,16
7/2/18 9:01,31.531,2.069,16
7/2/18 10:01,25.372,1.663,16
7/2/18 11:01,28.16,1.847,16
7/2/18 12:01,28.026,1.837,16
7/2/18 13:01,26.924,1.764,16
7/2/18 14:01,29.519,1.936,16
7/2/18 15:01,24.656,1.615,16
7/2/18 16:01,25.559,1.674,16
7/2/18 17:01,26.463,1.73,16
7/2/18 18:01,26.777,1.744,16
7/2/18 19:01,29.308,1.909,16
7/2/18 20:01,30.077,1.956,16
7/2/18 21:01,30.783,1.999,16
7/2/18 22:01,25.63,1.68,16
7/2/18 23:01,25.049,1.643,16
7/3/18 0:01,25.376,1.666,16
7/3/18 1:01,23.626,1.554,16
7/3/18 2:01,23.627,1.554,16
7/3/18 3:01,24.667,1.623,16
7/3/18 4:01,25.314,1.664,16
7/3/18 5:01,24.147,1.588,16
7/3/18 6:01,26.338,1.724,16
7/3/18 7:01,25.758,1.688,16
7/3/18 8:01,25.632,1.681,16
7/3/18 9:01,25.891,1.698,16
7/3/18 10:01,24.663,1.619,16
7/3/18 11:01,23.495,1.542,16
7/3/18 12:01,23.884,1.569,16
7/3/18 13:01,26.219,1.721,16
7/3/18 14:01,24.469,1.608,16
7/3/18 15:01,23.497,1.544,16
7/3/18 16:01,23.361,1.532,16
7/3/18 17:01,26.465,1.732,16
7/3/18 18:01,27.436,1.791,16
7/3/18 19:01,27.558,1.795,16
7/3/18 20:01,27.294,1.775,16
7/3/18 21:01,23.749,1.554,16
7/3/18 22:01,27.325,1.799,16
7/3/18 23:01,24.735,1.63,16
7/4/18 0:01,25.249,1.663,16
7/4/18 1:01,22.136,1.458,16
7/4/18 2:01,22.916,1.508,16
7/4/18 3:01,26.739,1.758,16
7/4/18 4:01,24.017,1.581,16
7/4/18 5:01,29.987,1.974,16
7/4/18 6:01,28.226,1.852,16
7/4/18 7:01,27.443,1.794,16
7/4/18 8:01,26.726,1.748,16
7/4/18 9:01,25.241,1.656,16
7/4/18 10:01,26.998,1.774,16
7/4/18 11:01,26.738,1.757,16
7/4/18 12:01,26.545,1.743,16
7/4/18 13:01,25.243,1.657,16
7/4/18 14:01,24.467,1.607,16
7/4/18 15:01,26.217,1.719,16
7/4/18 16:01,26.607,1.747,16
7/4/18 17:01,24.267,1.591,16
7/4/18 18:01,24.586,1.608,16
7/4/18 19:01,24.07,1.574,16
7/4/18 20:01,22.254,1.455,16
7/4/18 21:01,23.545,1.536,16
7/4/18 22:01,22.907,1.501,16
7/4/18 23:01,23.429,1.537,16
7/5/18 0:01,23.432,1.539,16
7/5/18 1:01,24.467,1.607,16
7/5/18 2:01,23.687,1.556,16
7/5/18 3:01,24.145,1.587,16
7/5/18 4:01,21.097,1.387,16
7/5/18 5:01,25.44,1.671,16
7/5/18 6:01,21.744,1.428,16
7/5/18 7:01,21.287,1.395,16
7/5/18 8:01,26.591,1.735,16
7/5/18 9:01,24.462,1.603,16
7/5/18 10:01,26.143,1.712,16
7/5/18 11:01,26.405,1.73,16
7/5/18 12:01,26.925,1.765,16
7/5/18 13:01,20.967,1.376,16
7/5/18 14:01,21.027,1.377,16
7/5/18 15:01,21.541,1.411,16
7/5/18 16:01,21.542,1.411,16
7/5/18 17:01,21.933,1.436,16
7/5/18 18:01,24.52,1.603,16
7/5/18 19:01,23.487,1.537,16
7/5/18 20:01,24.582,1.605,16
7/5/18 21:01,24.649,1.609,16
7/5/18 22:01,23.669,1.542,16
7/5/18 23:01,24.191,1.578,16
7/6/18 0:01,23.418,1.528,16
7/6/18 1:01,22.702,1.482,16
7/6/18 2:01,28.331,1.842,16
7/6/18 3:01,28.844,1.873,16
7/6/18 4:01,28.138,1.831,16
7/6/18 5:01,26.652,1.738,16
7/6/18 6:01,29.626,1.927,16
7/6/18 7:01,28.587,1.86,16
7/6/18 8:01,26.904,1.749,16
7/6/18 9:01,29.808,1.932,16
7/6/18 10:01,30.458,1.977,16
7/6/18 11:01,30.195,1.953,16
7/6/18 12:01,33.725,2.163,16
7/6/18 13:01,30.318,1.958,16
7/6/18 14:01,30.058,1.941,16
7/6/18 15:01,32.065,2.07,16
7/6/18 16:01,30.643,1.981,16
7/6/18 17:01,30.446,1.967,16
7/6/18 18:01,32.115,2.064,16
7/6/18 19:01,30.637,1.976,16
7/6/18 20:01,30.769,1.987,16
7/6/18 21:01,31.608,2.038,16
7/6/18 22:01,33.414,2.151,16
7/6/18 23:01,35.922,2.302,16
7/7/18 0:01,34.683,2.215,16
7/7/18 1:01,33.14,2.123,16
7/7/18 2:01,32.574,2.099,16
7/7/18 3:01,32.502,2.088,16
7/7/18 4:01,32.841,2.121,16
7/7/18 5:01,31.029,2.005,16
7/7/18 6:01,31.486,2.035,16
7/7/18 7:01,32.826,2.11,16
7/7/18 8:01,33.67,2.165,16
7/7/18 9:01,35.863,2.302,16
7/7/18 10:01,37.671,2.414,16
7/7/18 11:01,36.641,2.351,16
7/7/18 12:01,36.375,2.329,16
7/7/18 13:01,35.41,2.27,16
7/7/18 14:01,37.519,2.387,16
7/7/18 15:01,44.284,2.8,16
7/7/18 16:01,37.454,2.385,16
7/7/18 17:01,35.103,2.263,16
7/7/18 18:01,33.608,2.162,16
7/7/18 19:01,33.019,2.119,16
7/7/18 20:01,34.902,2.246,16
7/7/18 21:01,33.33,2.13,16
7/7/18 22:01,33.867,2.178,16
7/7/18 23:01,37.531,2.395,16
7/8/18 0:01,-26.549,-1.691,16
7/8/18 1:01,34.436,2.208,16
7/8/18 2:01,60.598,3.801,16
7/8/18 3:01,38.817,2.471,16
7/8/18 4:01,55.175,3.461,16
7/8/18 5:01,73.072,4.487,16
7/8/18 6:01,52.024,3.274,16
7/8/18 7:01,37.53,2.392,16
7/8/18 8:01,35.464,2.265,16
7/8/18 9:01,35.849,2.288,16
7/8/18 10:01,35.143,2.246,16
7/8/18 11:01,42.362,2.69,16
7/8/18 12:01,47.068,2.975,16
7/8/18 13:01,41.91,2.659,16
7/8/18 14:01,56.649,3.547,16
7/8/18 15:01,52.087,3.279,16
7/8/18 16:01,34.889,2.235,16
7/8/18 17:01,33.606,2.16,16
7/8/18 18:01,32.653,2.11,16
7/8/18 19:01,32.133,2.077,16
7/8/18 20:01,32.908,2.128,16
7/8/18 21:01,31.997,2.066,16
7/8/18 22:01,31.809,2.055,16
7/8/18 23:01,30.746,1.968,16
7/9/18 0:01,36.808,2.341,16
7/9/18 1:01,46.286,2.924,16
7/9/18 2:01,43.388,2.749,16
7/9/18 3:01,32.248,2.077,16
7/9/18 4:01,31.609,2.041,16
7/9/18 5:01,32.137,2.08,16
7/9/18 6:01,37.967,2.414,16
7/9/18 7:01,32.261,2.085,16
7/9/18 8:01,32.07,2.073,16
7/9/18 9:01,32.201,2.085,16
7/9/18 10:01,32.717,2.115,16
7/9/18 11:01,32.953,2.113,16
7/9/18 12:01,35.902,2.284,16
7/9/18 13:01,61.772,3.833,16
7/9/18 14:01,41,2.601,16
7/9/18 15:01,31.412,2.023,16
7/9/18 16:01,32.193,2.079,16
7/9/18 17:01,31.939,2.067,16
7/9/18 18:01,32.137,2.081,16
7/9/18 19:01,32.841,2.121,16
7/9/18 20:01,32.778,2.118,16
7/9/18 21:01,32.45,2.093,16
7/9/18 22:01,44.165,2.803,16
7/9/18 23:01,43.072,2.736,16
7/10/18 0:01,34.498,2.208,16
7/10/18 1:01,31.928,2.058,16
7/10/18 2:01,31.867,2.055,16
7/10/18 3:01,31.277,2.013,16
7/10/18 4:01,31.086,2.001,16
7/10/18 5:01,31.336,2.013,16
7/10/18 6:01,29.016,1.869,16
7/10/18 7:01,31.469,2.022,16
7/10/18 8:01,29.334,1.885,16
7/10/18 9:01,28.566,1.843,16
7/10/18 10:01,28.63,1.844,16
7/10/18 11:01,38.365,2.447,16
7/10/18 12:01,31.273,2.009,16
7/10/18 13:01,35.404,2.266,16
7/10/18 14:01,33.282,2.139,16
7/10/18 15:01,41.666,2.66,16
7/10/18 16:01,40.778,2.617,16
7/10/18 17:01,37.678,2.421,16
7/10/18 18:01,39.29,2.522,16
7/10/18 19:01,36.771,2.362,16
7/10/18 20:01,44.888,2.859,16
7/10/18 21:01,41.863,2.673,16
7/10/18 22:01,42.762,2.724,16
7/10/18 23:01,42.637,2.722,16
7/11/18 0:01,46.908,2.999,16
7/11/18 1:01,44.925,2.891,16
7/11/18 2:01,30.844,1.997,16
7/11/18 3:01,42.375,2.755,16
7/11/18 4:01,45.202,2.923,16
7/11/18 5:01,28.527,1.86,16
7/11/18 6:01,30.666,2,16
7/11/18 7:01,26.134,1.706,16
7/11/18 8:01,25.103,1.641,16
7/11/18 9:01,25.947,1.697,16
7/11/18 10:01,36.015,2.329,16
7/11/18 11:01,25.024,1.625,16
7/11/18 12:01,26.82,1.729,16
7/11/18 13:01,26.172,1.685,16
7/11/18 14:01,25.834,1.652,16
7/11/18 15:01,25.376,1.621,16
7/11/18 16:01,23.844,1.539,16
7/11/18 17:01,22.759,1.481,16
7/11/18 18:01,22.514,1.471,16
7/11/18 19:01,22.902,1.497,16
7/11/18 20:01,22.446,1.468,16
7/11/18 21:01,22.71,1.488,16
7/11/18 22:01,23.031,1.508,16
7/11/18 23:01,24.19,1.578,16
7/12/18 0:01,22.762,1.484,16
7/12/18 1:01,25.094,1.634,16
7/12/18 2:01,24.429,1.579,16
7/12/18 3:01,23.468,1.522,16
7/12/18 4:01,22.38,1.463,16
7/12/18 5:01,21.612,1.416,16
7/12/18 6:01,23.428,1.537,16
7/12/18 7:01,24.138,1.582,16
7/12/18 8:01,22.131,1.453,16
7/12/18 9:01,22.388,1.468,16
7/12/18 10:01,22.649,1.486,16
7/12/18 11:01,23.168,1.519,16
7/12/18 12:01,32.792,2.13,16
7/12/18 13:01,25.925,1.679,16
7/12/18 14:01,35.285,2.268,16
7/12/18 15:01,23.727,1.538,16
7/12/18 16:01,23.479,1.53,16
7/12/18 17:01,21.481,1.409,16
7/12/18 18:01,22.066,1.448,16
7/12/18 19:01,22.004,1.445,16
7/12/18 20:01,21.878,1.437,16
7/12/18 21:01,21.807,1.432,16
7/12/18 22:01,22.45,1.471,16
7/12/18 23:01,22.384,1.466,16
7/13/18 0:01,21.872,1.434,16
7/13/18 1:01,21.741,1.426,16
7/13/18 2:01,21.998,1.441,16
7/13/18 3:01,27.618,1.798,16
7/13/18 4:01,21.928,1.431,16
7/13/18 5:01,21.737,1.423,16
7/13/18 6:01,21.482,1.409,16
7/13/18 7:01,21.802,1.428,16
7/13/18 8:01,21.678,1.422,16
7/13/18 9:01,22,1.442,16
7/13/18 10:01,22.06,1.444,16
7/13/18 11:01,21.801,1.428,16
7/13/18 12:01,21.739,1.425,16
7/13/18 13:01,21.543,1.412,16
7/13/18 14:01,21.67,1.416,16
7/13/18 15:01,23.082,1.502,16
7/13/18 16:01,32.56,2.088,16
7/13/18 17:01,31.759,2.063,16
7/13/18 18:01,22.126,1.45,16
7/13/18 19:01,21.873,1.435,16
7/13/18 20:01,21.677,1.422,16
7/13/18 21:01,22.324,1.464,16
7/13/18 22:01,22.449,1.471,16
7/13/18 23:01,21.355,1.403,16
7/14/18 0:01,22.777,1.496,16
7/14/18 1:01,22.452,1.473,16
7/14/18 2:01,22.587,1.484,16
7/14/18 3:01,23.349,1.525,16
7/14/18 4:01,22.518,1.476,16
7/14/18 5:01,23.026,1.505,16
7/14/18 6:01,22.58,1.478,16
7/14/18 7:01,22.264,1.463,16
7/14/18 8:01,21.547,1.416,16
7/14/18 9:01,22.132,1.455,16
7/14/18 10:01,21.744,1.429,16
7/14/18 11:01,22.325,1.465,16
7/14/18 12:01,21.292,1.398,16
7/14/18 13:01,22.068,1.45,16
7/14/18 14:01,22.199,1.458,16
7/14/18 15:01,24.773,1.616,16
7/14/18 16:01,23.534,1.529,16
7/14/18 17:01,24.763,1.608,16
7/14/18 18:01,37.625,2.425,16
7/14/18 19:01,22.505,1.466,16
7/14/18 20:01,24.53,1.611,16
7/14/18 21:01,24.274,1.597,16
7/14/18 22:01,24.212,1.594,16
7/14/18 23:01,24.338,1.602,16
7/15/18 0:01,22.321,1.463,16
7/15/18 1:01,24.276,1.599,16
7/15/18 2:01,24.471,1.611,16
7/15/18 3:01,22.84,1.496,16
7/15/18 4:01,24.528,1.609,16
7/15/18 5:01,23.996,1.567,16
7/15/18 6:01,45.842,2.961,16
7/15/18 7:01,41.547,2.712,16
7/15/18 8:01,36.511,2.392,16
7/15/18 9:01,24.728,1.626,16
7/15/18 10:01,24.276,1.599,16
7/15/18 11:01,23.887,1.572,16
7/15/18 12:01,33.549,2.208,16
7/15/18 13:01,36.6,2.41,16
7/15/18 14:01,38.088,2.504,16
7/15/18 15:01,29.071,1.909,16
7/15/18 16:01,23.099,1.515,16
7/15/18 17:01,32.027,2.088,16
7/15/18 18:01,46.03,2.967,16
7/15/18 19:01,47.135,3.041,16
7/15/18 20:01,41.164,2.688,16
7/15/18 21:01,34.054,2.234,16
7/15/18 22:01,24.466,1.607,16
7/15/18 23:01,23.174,1.524,16
7/16/18 0:01,22.657,1.491,16
7/16/18 1:01,21.293,1.398,16
7/16/18 2:01,23.688,1.557,16
7/16/18 3:01,23.559,1.548,16
7/16/18 4:01,20.571,1.348,16
7/16/18 5:01,36.25,2.371,16
7/16/18 6:01,36.575,2.394,16
7/16/18 7:01,38.908,2.547,16
7/16/18 8:01,35.554,2.337,16
7/16/18 9:01,38.662,2.54,16
7/16/18 10:01,28.428,1.872,16
7/16/18 11:01,29.85,1.965,16
7/16/18 12:01,25.506,1.678,16
7/16/18 13:01,21.884,1.443,16
7/16/18 14:01,21.623,1.425,16
7/16/18 15:01,22.398,1.476,16
7/16/18 16:01,22.01,1.45,16
7/16/18 17:01,20.97,1.378,16
7/16/18 18:01,34.5,2.257,16
7/16/18 19:01,47.628,3.057,16
7/16/18 20:01,40.342,2.601,16
7/16/18 21:01,36.248,2.37,16
7/16/18 22:01,28.224,1.853,16
7/16/18 23:01,28.166,1.853,16
7/17/18 0:01,22.785,1.501,16
7/17/18 1:01,21.625,1.427,16
7/17/18 2:01,22.401,1.478,16
7/17/18 3:01,22.919,1.51,16
7/17/18 4:01,22.269,1.466,16
7/17/18 5:01,21.942,1.443,16
7/17/18 6:01,36.186,2.366,16
7/17/18 7:01,30.609,1.999,16
7/17/18 8:01,28.907,1.879,16
7/17/18 9:01,33.087,2.172,16
7/17/18 10:01,27.775,1.825,16
7/17/18 11:01,34.321,2.255,16
7/17/18 12:01,22.525,1.481,16
7/17/18 13:01,21.944,1.444,16
7/17/18 14:01,21.623,1.425,16
7/17/18 15:01,22.136,1.457,16
7/17/18 16:01,23.627,1.554,16
7/17/18 17:01,21.548,1.416,16
7/17/18 18:01,20.645,1.356,16
7/17/18 19:01,31.919,2.095,16
7/17/18 20:01,33.304,2.156,16
7/17/18 21:01,32.28,2.101,16
7/17/18 22:01,31.919,2.095,16
7/17/18 23:01,31.86,2.095,16
7/18/18 0:01,25.961,1.707,16
7/18/18 1:01,21.748,1.432,16
7/18/18 2:01,21.423,1.41,16
7/18/18 3:01,22.527,1.481,16
7/18/18 4:01,22.331,1.47,16
7/18/18 5:01,21.88,1.44,16
7/18/18 6:01,22.389,1.468,16
7/18/18 7:01,23.172,1.522,16
7/18/18 8:01,21.876,1.437,16
7/18/18 9:01,36.552,2.379,16
7/18/18 10:01,24.271,1.594,16
7/18/18 11:01,23.498,1.545,16
7/18/18 12:01,24.016,1.581,16
7/18/18 13:01,23.953,1.578,16
7/18/18 14:01,25.247,1.661,16
7/18/18 15:01,25.64,1.688,16
7/18/18 16:01,28.169,1.854,16
7/18/18 17:01,23.564,1.551,16
7/18/18 18:01,24.725,1.622,16
7/18/18 19:01,22.78,1.497,16
7/18/18 20:01,23.684,1.553,16
7/18/18 21:01,24.72,1.618,16
7/18/18 22:01,41.506,2.678,16
7/18/18 23:01,33.518,2.187,16
7/19/18 0:01,26.474,1.739,16
7/19/18 1:01,30.825,2.029,16
7/19/18 2:01,32.317,2.126,16
7/19/18 3:01,23.697,1.563,16
7/19/18 4:01,22.012,1.451,16
7/19/18 5:01,26.03,1.714,16
7/19/18 6:01,25.643,1.689,16
7/19/18 7:01,25.378,1.668,16
7/19/18 8:01,25.825,1.694,16
7/19/18 9:01,25.24,1.655,16
7/19/18 10:01,36.928,2.396,16
7/19/18 11:01,32.87,2.145,16
7/19/18 12:01,30.154,1.971,16
7/19/18 13:01,27.705,1.819,16
7/19/18 14:01,26.935,1.771,16
7/19/18 15:01,22.721,1.496,16
7/19/18 16:01,23.052,1.522,16
7/19/18 17:01,23.11,1.522,16
7/19/18 18:01,22.853,1.504,16
7/19/18 19:01,23.032,1.506,16
7/19/18 20:01,23.616,1.545,16
7/19/18 21:01,27.24,1.777,16
7/19/18 22:01,36.336,2.348,16
7/19/18 23:01,30.475,1.99,16
7/20/18 0:01,28.928,1.895,16
7/20/18 1:01,26.475,1.74,16
7/20/18 2:01,25.249,1.662,16
7/20/18 3:01,22.663,1.496,16
7/20/18 4:01,22.725,1.499,16
7/20/18 5:01,21.431,1.415,16
7/20/18 6:01,21.368,1.411,16
7/20/18 7:01,20.849,1.378,16
7/20/18 8:01,20.912,1.381,16
7/20/18 9:01,23.354,1.527,16
7/20/18 10:01,24.964,1.623,16
7/20/18 11:01,27.995,1.815,16
7/20/18 12:01,26.212,1.717,16
7/20/18 13:01,23.298,1.528,16
7/20/18 14:01,26.146,1.714,16
7/20/18 15:01,24.21,1.591,16
7/20/18 16:01,22.781,1.497,16
7/20/18 17:01,21.428,1.412,16
7/20/18 18:01,22.205,1.461,16
7/20/18 19:01,22.591,1.485,16
7/20/18 20:01,22.639,1.476,16
7/20/18 21:01,25.168,1.643,16
7/20/18 22:01,22.581,1.477,16
7/20/18 23:01,23.236,1.526,16
7/21/18 0:01,25.439,1.67,16
7/21/18 1:01,27.381,1.796,16
7/21/18 2:01,27.58,1.811,16
7/21/18 3:01,25.177,1.652,16
7/21/18 4:01,24.339,1.601,16
7/21/18 5:01,26.743,1.762,16
7/21/18 6:01,21.367,1.41,16
7/21/18 7:01,21.109,1.395,16
7/21/18 8:01,20.912,1.382,16
7/21/18 9:01,21.11,1.395,16
7/21/18 10:01,20.978,1.383,16
7/21/18 11:01,29.782,1.954,16
7/21/18 12:01,30.299,1.986,16
7/21/18 13:01,19.796,1.297,16
7/21/18 14:01,27.577,1.809,16
7/21/18 15:01,27.904,1.832,16
7/21/18 16:01,28.683,1.882,16
7/21/18 17:01,26.155,1.72,16
7/21/18 18:01,25.182,1.655,16
7/21/18 19:01,22.264,1.462,16
7/21/18 20:01,21.226,1.395,16
7/21/18 21:01,21.035,1.383,16
7/21/18 22:01,20.516,1.349,16
7/21/18 23:01,21.353,1.399,16
7/22/18 0:01,21.297,1.401,16
7/22/18 1:01,21.552,1.418,16
7/22/18 2:01,21.868,1.431,16
7/22/18 3:01,23.751,1.558,16
7/22/18 4:01,21.944,1.443,16
7/22/18 5:01,20.321,1.338,16
7/22/18 6:01,16.628,1.098,16
7/22/18 7:01,16.629,1.098,16
7/22/18 8:01,17.148,1.132,16
7/22/18 9:01,18.001,1.194,16
7/22/18 10:01,19.033,1.259,16
7/22/18 11:01,19.294,1.277,16
7/22/18 12:01,24.843,1.624,16
7/22/18 13:01,18.766,1.236,16
7/22/18 14:01,17.535,1.156,16
7/22/18 15:01,17.472,1.153,16
7/22/18 16:01,25.954,1.703,16
7/22/18 17:01,21.944,1.444,16
7/22/18 18:01,18.767,1.237,16
7/22/18 19:01,16.963,1.123,16
7/22/18 20:01,13.654,0.905,16
7/22/18 21:01,13.33,0.884,16
7/22/18 22:01,13.265,0.879,16
7/22/18 23:01,15.468,1.023,16
7/23/18 0:01,15.981,1.056,16
7/23/18 1:01,20.066,1.321,16
7/23/18 2:01,23.494,1.543,16
7/23/18 3:01,26.658,1.743,16
7/23/18 4:01,20.388,1.341,16
7/23/18 5:01,18.251,1.203,16
7/23/18 6:01,18.44,1.214,16
7/23/18 7:01,18.51,1.219,16
7/23/18 8:01,15.593,1.03,16
7/23/18 9:01,15.145,1.003,16
7/23/18 10:01,14.948,0.989,16
7/23/18 11:01,14.686,0.971,16
7/23/18 12:01,14.622,0.967,16
7/23/18 13:01,16.628,1.098,16
7/23/18 14:01,19.604,1.287,16
7/23/18 15:01,22.195,1.454,16
7/23/18 16:01,26.914,1.757,16
7/23/18 17:01,22.453,1.474,16
7/23/18 18:01,21.418,1.406,16
7/23/18 19:01,19.928,1.309,16
7/23/18 20:01,19.022,1.251,16
7/23/18 21:01,17.536,1.157,16
7/23/18 22:01,18.704,1.233,16
7/23/18 23:01,17.536,1.157,16
7/24/18 0:01,18.901,1.247,16
7/24/18 1:01,18.644,1.232,16
7/24/18 2:01,18.84,1.245,16
7/24/18 3:01,18.444,1.217,16
7/24/18 4:01,21.747,1.431,16
7/24/18 5:01,23.688,1.558,16
7/24/18 6:01,18.833,1.24,16
7/24/18 7:01,18.837,1.243,16
7/24/18 8:01,18.767,1.237,16
7/24/18 9:01,19.488,1.287,16
7/24/18 10:01,20.721,1.369,16
7/24/18 11:01,20.787,1.375,16
7/24/18 12:01,20.073,1.327,16
7/24/18 13:01,19.162,1.264,16
7/24/18 14:01,20.707,1.358,16
7/24/18 15:01,28.206,1.838,16
7/24/18 16:01,23.167,1.518,16
7/24/18 17:01,22.001,1.443,16
7/24/18 18:01,19.74,1.298,16
7/24/18 19:01,19.609,1.291,16
7/24/18 20:01,24.025,1.587,16
7/24/18 21:01,24.481,1.616,16
7/24/18 22:01,22.403,1.479,16
7/24/18 23:01,27.595,1.823,16
7/25/18 0:01,25.974,1.715,16
7/25/18 1:01,21.364,1.409,16
7/25/18 2:01,21.102,1.39,16
7/25/18 3:01,22.782,1.498,16
7/25/18 4:01,26.481,1.744,16
7/25/18 5:01,21.686,1.428,16
7/25/18 6:01,23.053,1.523,16
7/25/18 7:01,27.536,1.822,16
7/25/18 8:01,24.615,1.63,16
7/25/18 9:01,30.387,2.009,16
7/25/18 10:01,24.813,1.644,16
7/25/18 11:01,23.968,1.588,16
7/25/18 12:01,24.684,1.634,16
7/25/18 13:01,16.696,1.101,16
7/25/18 14:01,24.655,1.613,16
7/25/18 15:01,28.857,1.884,16
7/25/18 16:01,37.903,2.458,16
7/25/18 17:01,27.766,1.818,16
7/25/18 18:01,25.832,1.701,16
7/25/18 19:01,23.827,1.57,16
7/25/18 20:01,22.605,1.496,16
7/25/18 21:01,22.087,1.464,16
7/25/18 22:01,24.488,1.622,16
7/25/18 23:01,27.342,1.811,16
7/26/18 0:01,29.42,1.949,16
7/26/18 1:01,29.42,1.948,16
7/26/18 2:01,27.99,1.853,16
7/26/18 3:01,27.047,1.771,16
7/26/18 4:01,29.38,1.922,16
7/26/18 5:01,26.089,1.716,16
7/26/18 6:01,23.112,1.525,16
7/26/18 7:01,16.307,1.078,16
7/26/18 8:01,18.648,1.235,16
7/26/18 9:01,18.322,1.213,16
7/26/18 10:01,24.551,1.626,16
7/26/18 11:01,22.087,1.463,16
7/26/18 12:01,21.435,1.418,16
7/26/18 13:01,19.812,1.309,16
7/26/18 14:01,19.871,1.309,16
7/26/18 15:01,25.822,1.692,16
7/26/18 16:01,33.888,2.196,16
7/26/18 17:01,27.445,1.798,16
7/26/18 18:01,21.941,1.442,16
7/26/18 19:01,19.61,1.292,16
7/26/18 20:01,23.25,1.536,16
7/26/18 21:01,21.237,1.404,16
7/26/18 22:01,20.787,1.375,16
7/26/18 23:01,21.368,1.411,16
7/27/18 0:01,20.909,1.38,16
7/27/18 1:01,21.234,1.402,16
7/27/18 2:01,20.711,1.361,16
7/27/18 3:01,20.452,1.345,16
7/27/18 4:01,20.903,1.375,16
7/27/18 5:01,21.298,1.403,16
7/27/18 6:01,19.873,1.311,16
7/27/18 7:01,20.518,1.351,16
7/27/18 8:01,20.655,1.363,16
7/27/18 9:01,20.978,1.384,16
7/27/18 10:01,21.046,1.392,16
7/27/18 11:01,29.672,1.959,16
7/27/18 12:01,28.764,1.899,16
7/27/18 13:01,20.784,1.373,16
7/27/18 14:01,21.234,1.401,16
7/27/18 15:01,21.229,1.398,16
7/27/18 16:01,21.16,1.39,16
7/27/18 17:01,21.158,1.388,16
7/27/18 18:01,24.721,1.618,16
7/27/18 19:01,23.033,1.508,16
7/27/18 20:01,20.967,1.375,16
7/27/18 21:01,20.708,1.359,16
7/27/18 22:01,20.65,1.359,16
7/27/18 23:01,20.906,1.377,16
7/28/18 0:01,23.568,1.553,16
7/28/18 1:01,21.49,1.415,16
7/28/18 2:01,20.972,1.379,16
7/28/18 3:01,20.896,1.37,16
7/28/18 4:01,20.314,1.333,16
7/28/18 5:01,20.315,1.333,16
7/28/18 6:01,19.416,1.277,16
7/28/18 7:01,20.191,1.328,16
7/28/18 8:01,20.644,1.355,16
7/28/18 9:01,20.191,1.327,16
7/28/18 10:01,19.994,1.314,16
7/28/18 11:01,20.906,1.377,16
7/28/18 12:01,22.463,1.48,16
7/28/18 13:01,27.004,1.778,16
7/28/18 14:01,25.832,1.699,16
7/28/18 15:01,21.355,1.401,16
7/28/18 16:01,22.906,1.5,16
7/28/18 17:01,21.999,1.441,16
7/28/18 18:01,22.259,1.458,16
7/28/18 19:01,21.485,1.412,16
7/28/18 20:01,22.786,1.501,16
7/28/18 21:01,23.439,1.543,16
7/28/18 22:01,23.501,1.547,16
7/28/18 23:01,19.417,1.278,16
7/29/18 0:01,21.883,1.441,16
7/29/18 1:01,20.971,1.379,16
7/29/18 2:01,20.125,1.322,16
7/29/18 3:02,20.188,1.326,16
7/29/18 4:02,20.384,1.338,16
7/29/18 5:02,15.003,0.987,16
7/29/18 6:02,19.929,1.309,16
7/29/18 7:02,19.736,1.296,16
7/29/18 8:02,19.739,1.298,16
7/29/18 9:02,19.93,1.311,16
7/29/18 10:02,19.801,1.301,16
7/29/18 11:02,16.044,1.056,16
7/29/18 12:02,18.641,1.23,16
7/29/18 13:02,15.004,0.988,16
7/29/18 14:02,15.524,1.021,16
7/29/18 15:02,18.374,1.208,16
7/29/18 16:02,19.601,1.285,16
7/29/18 17:02,19.472,1.275,16
7/29/18 18:02,19.733,1.293,16
7/29/18 19:02,19.474,1.278,16
7/29/18 20:02,17.982,1.18,16
7/29/18 21:02,18.369,1.205,16
7/29/18 22:02,18.695,1.227,16
7/29/18 23:02,21.485,1.412,16
7/30/18 0:02,21.162,1.391,16
7/30/18 1:02,22.592,1.486,16
7/30/18 2:02,23.562,1.549,16
7/30/18 3:02,24.211,1.592,16
7/30/18 4:02,25.249,1.662,16
7/30/18 5:02,19.15,1.255,16
7/30/18 6:02,19.736,1.296,16
7/30/18 7:02,20.967,1.376,16
7/30/18 8:02,21.534,1.406,16
7/30/18 9:02,19.734,1.294,16
7/30/18 10:02,19.666,1.291,16
7/30/18 11:02,19.538,1.281,16
7/30/18 12:02,19.285,1.27,16
7/30/18 13:02,20.127,1.324,16
7/30/18 14:02,19.993,1.314,16
7/30/18 15:02,27.964,1.835,16
7/30/18 16:02,22.322,1.461,16
7/30/18 17:02,24.331,1.594,16
7/30/18 18:02,20.639,1.351,16
7/30/18 19:02,15.323,1.005,16
7/30/18 20:02,19.601,1.285,16
7/30/18 21:02,19.731,1.292,16
7/30/18 22:02,19.472,1.276,16
7/30/18 23:02,16.814,1.102,16
7/31/18 0:02,18.431,1.207,16
7/31/18 1:02,17.918,1.175,16
7/31/18 2:02,19.078,1.249,16
7/31/18 3:02,19.27,1.259,16
7/31/18 4:02,19.071,1.244,16
7/31/18 5:02,18.362,1.199,16
7/31/18 6:02,18.686,1.22,16
7/31/18 7:02,17.781,1.162,16
7/31/18 8:02,15.841,1.038,16
7/31/18 9:02,14.738,0.966,16
7/31/18 10:02,15.905,1.042,16
7/31/18 11:02,17.915,1.173,16
7/31/18 12:02,18.172,1.186,16
7/31/18 13:02,20.95,1.363,16
7/31/18 14:02,18.879,1.23,16
7/31/18 15:02,18.884,1.234,16
7/31/18 16:02,19.073,1.245,16
7/31/18 17:02,19.14,1.248,16
7/31/18 18:02,20.37,1.328,16
7/31/18 19:02,19.07,1.243,16
7/31/18 20:02,19.724,1.286,16
7/31/18 21:02,19.654,1.282,16
7/31/18 22:02,19.14,1.248,16
8/1/18 0:02,19.402,1.267,16
8/1/18 1:02,25.493,1.668,16
8/1/18 2:02,26.599,1.742,16
8/1/18 3:02,27.958,1.831,16
8/1/18 4:02,28.155,1.844,16
8/1/18 5:02,26.915,1.757,16
8/1/18 6:02,26.004,1.695,16
8/1/18 7:02,26.845,1.748,16
8/1/18 8:02,27.364,1.785,16
8/1/18 9:02,25.619,1.672,16
8/1/18 10:02,24.909,1.63,16
8/1/18 11:02,27.828,1.821,16
8/1/18 12:02,27.502,1.797,16
8/1/18 13:02,31.251,2.038,16
8/1/18 14:02,26.784,1.749,16
8/1/18 15:02,25.493,1.668,16
8/1/18 16:02,25.688,1.68,16
8/1/18 17:02,25.688,1.679,16
8/1/18 18:02,28.531,1.86,16
8/1/18 19:02,30.451,1.971,16
8/1/18 20:02,29.82,1.941,16
8/1/18 21:02,28.85,1.878,16
8/1/18 22:02,26.456,1.725,16
8/1/18 23:02,28.597,1.867,16
8/2/18 0:02,26.205,1.711,16
8/2/18 1:02,26.137,1.707,16
8/2/18 2:02,26.332,1.719,16
8/2/18 3:02,27.115,1.773,16
8/2/18 4:02,25.626,1.676,16
8/2/18 5:02,25.944,1.694,16
8/2/18 6:02,22.488,1.452,16
8/2/18 7:02,27.749,1.804,16
8/2/18 8:02,27.358,1.78,16
8/2/18 9:02,27.621,1.8,16
8/2/18 10:02,21.597,1.406,16
8/2/18 11:02,26.335,1.722,16
8/2/18 12:02,20.172,1.314,16
8/2/18 13:02,20.109,1.311,16
8/2/18 14:02,20.626,1.342,16
8/2/18 15:02,20.109,1.31,16
8/2/18 16:02,19.851,1.295,16
8/2/18 17:02,19.915,1.299,16
8/2/18 18:02,19.916,1.3,16
8/2/18 19:02,20.942,1.357,16
8/2/18 20:02,25.6,1.657,16
8/2/18 21:02,25.47,1.65,16
8/2/18 22:02,20.554,1.335,16
8/2/18 23:02,29.886,1.945,16
8/3/18 0:02,27.945,1.822,16
8/3/18 1:02,27.041,1.765,16
8/3/18 2:02,27.821,1.816,16
8/3/18 3:02,26.652,1.739,16
8/3/18 4:02,24.711,1.612,16
8/3/18 5:02,25.096,1.635,16
8/3/18 6:02,31.244,2.033,16
8/3/18 7:02,32.467,2.107,16
8/3/18 8:02,33.764,2.194,16
8/3/18 9:02,36.49,2.375,16
8/3/18 10:02,36.689,2.391,16
8/3/18 11:02,27.754,1.809,16
8/3/18 12:02,30.023,1.96,16
8/3/18 13:02,33.393,2.182,16
8/3/18 14:02,32.933,2.149,16
8/3/18 15:02,29.897,1.953,16
8/3/18 16:02,29.375,1.918,16
8/3/18 17:02,29.824,1.945,16
8/3/18 18:02,30.597,1.991,16
8/3/18 19:02,31.366,2.037,16
8/3/18 20:02,29.53,1.897,16
8/3/18 21:02,31.407,2.019,16
8/3/18 22:02,29.931,1.934,16
8/3/18 23:02,32.019,2.084,16
8/4/18 0:02,25.881,1.691,16
8/4/18 1:02,26.979,1.763,16
8/4/18 2:02,27.044,1.768,16
8/4/18 3:02,28.403,1.853,16
8/4/18 4:02,28.98,1.886,16
8/4/18 5:02,28.917,1.886,16
8/4/18 6:02,28.905,1.876,16
8/4/18 7:02,28.257,1.834,16
8/4/18 8:02,41.725,2.657,16
8/4/18 9:02,31.559,2.048,16
8/4/18 10:02,34.209,2.215,16
8/4/18 11:02,29.494,1.92,16
8/4/18 12:02,28.531,1.862,16
8/4/18 13:02,28.989,1.893,16
8/4/18 14:02,28.203,1.838,16
8/4/18 15:02,29.643,1.94,16
8/4/18 16:02,28.008,1.826,16
8/4/18 17:02,30.467,1.985,16
8/4/18 18:02,31.231,2.023,16
8/4/18 19:02,33.239,2.155,16
8/4/18 20:02,33.896,2.202,16
8/4/18 21:02,33.943,2.192,16
8/4/18 22:02,32.854,2.133,16
8/4/18 23:02,28.208,1.842,16
8/5/18 0:02,27.114,1.773,16
8/5/18 1:02,31.975,2.094,16
8/5/18 2:02,31.59,2.07,16
8/5/18 3:02,28.74,1.885,16
8/5/18 4:02,28.218,1.849,16
8/5/18 5:02,31.205,2.046,16
8/5/18 6:02,29.19,1.913,16
8/5/18 7:02,28.279,1.852,16
8/5/18 8:02,27.767,1.82,16
8/5/18 9:02,32.206,2.089,16
8/5/18 10:02,33.58,2.186,16
8/5/18 11:02,33.776,2.203,16
8/5/18 12:02,30.416,1.991,16
8/5/18 13:02,30.872,2.019,16
8/5/18 14:02,28.608,1.876,16
8/5/18 15:02,29.511,1.932,16
8/5/18 16:02,29.381,1.922,16
8/5/18 17:02,33.848,2.214,16
8/5/18 18:02,28.672,1.877,16
8/5/18 19:02,28.993,1.896,16
8/5/18 20:02,32.093,2.092,16
8/5/18 21:02,31.951,2.076,16
8/5/18 22:02,31.877,2.063,16
8/5/18 23:02,31.104,2.014,16
8/6/18 0:02,30.384,1.965,16
8/6/18 1:02,30.873,2.019,16
8/6/18 2:02,32.367,2.118,16
8/6/18 3:02,31.33,2.053,16
8/6/18 4:02,32.239,2.114,16
8/6/18 5:02,32.624,2.137,16
8/6/18 6:02,30.419,1.992,16
8/6/18 7:02,33.207,2.175,16
8/6/18 8:02,31.063,2.032,16
8/6/18 9:02,29.647,1.943,16
8/6/18 10:02,31.06,2.03,16
8/6/18 11:02,31.84,2.081,16
8/6/18 12:02,31.319,2.046,16
8/6/18 13:02,31.786,2.083,16
8/6/18 14:02,31.791,2.086,16
8/6/18 15:02,32.369,2.12,16
8/6/18 16:02,34.574,2.266,16
8/6/18 17:02,34.117,2.236,16
8/6/18 18:02,33.209,2.176,16
8/6/18 19:02,34.574,2.266,16
8/6/18 20:02,31.517,2.06,16
8/6/18 21:02,32.545,2.123,16
8/6/18 22:02,33.321,2.169,16
8/6/18 23:02,32.097,2.095,16
8/7/18 0:02,29.834,1.952,16
8/7/18 1:02,34.633,2.266,16
8/7/18 2:02,33.856,2.217,16
8/7/18 3:02,30.946,2.03,16
8/7/18 4:02,33.927,2.223,16
8/7/18 5:02,33.668,2.208,16
8/7/18 6:02,27.899,1.831,16
8/7/18 7:02,28.282,1.854,16
8/7/18 8:02,28.544,1.872,16
8/7/18 9:02,28.157,1.847,16
8/7/18 10:02,33.725,2.207,16
8/7/18 11:02,29.574,1.931,16
8/7/18 12:02,29.627,1.927,16
8/7/18 13:02,29.887,1.944,16
8/7/18 14:02,28.794,1.88,16
8/7/18 15:02,32.691,2.141,16
8/7/18 16:02,35.799,2.342,16
8/7/18 17:02,34.77,2.282,16
8/7/18 18:02,33.021,2.166,16
8/7/18 19:02,32.381,2.129,16
8/7/18 20:02,32.634,2.143,16
8/7/18 21:02,32.7,2.146,16
8/7/18 22:02,32.886,2.155,16
8/7/18 23:02,32.303,2.118,16
8/8/18 0:02,45.875,2.932,16
8/8/18 1:02,36.333,2.342,16
8/8/18 2:02,30.479,1.992,16
8/8/18 3:02,34.185,2.243,16
8/8/18 4:02,32.508,2.137,16
8/8/18 5:02,26.875,1.771,16
8/8/18 6:02,25.642,1.689,16
8/8/18 7:02,24.791,1.628,16
8/8/18 8:02,27.951,1.825,16
8/8/18 9:02,33.149,2.174,16
8/8/18 10:02,34.573,2.265,16
8/8/18 11:02,34.052,2.23,16
8/8/18 12:02,27.12,1.776,16
8/8/18 13:02,39.335,2.506,16
8/8/18 14:02,50.688,3.208,16
8/8/18 15:02,28.994,1.896,16
8/8/18 16:02,32.63,2.141,16
8/8/18 17:02,31.149,2.048,16
8/8/18 18:02,31.726,2.084,16
8/8/18 19:02,31.723,2.082,16
8/8/18 20:02,32.565,2.136,16
8/8/18 21:02,35.987,2.35,16
8/8/18 22:02,35.466,2.314,16
8/8/18 23:02,33.843,2.209,16
8/9/18 0:02,33.589,2.193,16
8/9/18 1:02,30.508,1.966,16
8/9/18 2:02,39.425,2.58,16
8/9/18 3:02,40.334,2.64,16
8/9/18 4:02,36.522,2.397,16
8/9/18 5:02,34.188,2.245,16
8/9/18 6:02,38.011,2.493,16
8/9/18 7:02,36.775,2.409,16
8/9/18 8:02,33.347,2.188,16
8/9/18 9:02,33.215,2.18,16
8/9/18 10:02,35.026,2.296,16
8/9/18 11:02,37.285,2.438,16
8/9/18 12:02,38.187,2.494,16
8/9/18 13:02,37.281,2.437,16
8/9/18 14:02,30.856,2.007,16
8/9/18 15:02,34.886,2.279,16
8/9/18 16:02,33.196,2.168,16
8/9/18 17:02,37.421,2.451,16
8/9/18 18:02,37.488,2.457,16
8/9/18 19:02,37.88,2.486,16
8/9/18 20:02,37.494,2.462,16
8/9/18 21:02,36.845,2.418,16
8/9/18 22:02,34.631,2.266,16
8/9/18 23:02,37.286,2.44,16
8/10/18 0:02,36.052,2.354,16
8/10/18 1:02,37.09,2.423,16
8/10/18 2:02,34.493,2.253,16
8/10/18 3:02,38.645,2.525,16
8/10/18 4:02,37.937,2.482,16
8/10/18 5:02,34.172,2.235,16
8/10/18 6:02,35.342,2.312,16
8/10/18 7:02,37.481,2.452,16
8/10/18 8:02,34.761,2.277,16
8/10/18 9:02,35.091,2.303,16
8/10/18 10:02,37.288,2.441,16
8/10/18 11:02,34.439,2.256,16
8/10/18 12:02,29.834,1.953,16
8/10/18 13:02,30.612,2.002,16
8/10/18 14:02,33.587,2.192,16
8/10/18 15:02,36.675,2.378,16
8/10/18 16:02,36.549,2.375,16
8/10/18 17:02,37.667,2.457,16
8/10/18 18:02,37.084,2.419,16
8/10/18 19:02,30.286,1.978,16
8/10/18 20:02,30.989,2.019,16
8/10/18 21:02,32.804,2.138,16
8/10/18 22:02,30.147,1.966,16
8/10/18 23:02,32.61,2.127,16
8/11/18 0:02,30.643,1.981,16
8/11/18 1:02,29.158,1.889,16
8/11/18 2:02,33.322,2.172,16
8/11/18 3:02,33.439,2.172,16
8/11/18 4:02,34.282,2.226,16
8/11/18 5:02,35.257,2.292,16
8/11/18 6:02,35.457,2.308,16
8/11/18 7:02,37.725,2.457,16
8/11/18 8:02,37.27,2.429,16
8/11/18 9:02,33.638,2.187,16
8/11/18 10:02,37.733,2.464,16
8/11/18 11:02,34.086,2.213,16
8/11/18 12:02,34.412,2.237,16
8/11/18 13:02,34.285,2.229,16
8/11/18 14:02,32.918,2.137,16
8/11/18 15:02,33.572,2.18,16
8/11/18 16:02,32.787,2.125,16
8/11/18 17:02,44.315,2.825,16
8/11/18 18:02,31.225,2.017,16
8/11/18 19:02,32.533,2.113,16
8/11/18 20:02,33.058,2.15,16
8/11/18 21:02,30.194,1.953,16
8/11/18 22:02,29.422,1.908,16
8/11/18 23:02,28.831,1.864,16
8/12/18 0:02,29.803,1.928,16
8/12/18 1:02,27.344,1.769,16
8/12/18 2:02,27.414,1.775,16
8/12/18 3:02,34.437,2.209,16
8/12/18 4:02,35.159,2.261,16
8/12/18 5:02,29.871,1.932,16
8/12/18 6:02,31.787,2.038,16
8/12/18 7:02,26.046,1.682,16
8/12/18 8:02,26.704,1.733,16
8/12/18 9:02,29.041,1.887,16
8/12/18 10:02,30.789,2.003,16
8/12/18 11:02,26.748,1.722,16
8/12/18 12:02,26.505,1.715,16
8/12/18 13:02,26.05,1.685,16
8/12/18 14:02,26.053,1.688,16
8/12/18 15:02,26.753,1.726,16
8/12/18 16:02,42.287,2.674,16
8/12/18 17:02,31.319,1.997,16
8/12/18 18:02,43.635,2.754,16
8/12/18 19:02,31.905,2.037,16
8/12/18 20:02,28.777,1.867,16
8/12/18 21:02,29.428,1.913,16
8/12/18 22:02,41.743,2.719,16
8/12/18 23:02,37.53,2.443,16
8/13/18 0:02,34.036,2.216,16
8/13/18 1:02,42.118,2.734,16
8/13/18 2:02,48.024,3.023,16
8/13/18 3:02,53.498,3.352,16
8/13/18 4:02,46.729,2.937,16
8/13/18 5:02,32.303,2.068,16
8/13/18 6:02,30.241,1.943,16
8/13/18 7:02,28.193,1.83,16
8/13/18 8:02,28.213,1.846,16
8/13/18 9:02,40.735,2.673,16
8/13/18 10:02,36,2.362,16
8/13/18 11:02,37.42,2.449,16
8/13/18 12:02,34.054,2.232,16
8/13/18 13:02,33.406,2.189,16
8/13/18 14:02,25.608,1.664,16
8/13/18 15:02,30.1,1.926,16
8/13/18 16:02,52.616,3.317,16
8/13/18 17:02,51.58,3.257,16
8/13/18 18:02,44.63,2.836,16
8/13/18 19:02,26.507,1.717,16
8/13/18 20:02,27.569,1.805,16
8/13/18 21:02,34.119,2.237,16
8/13/18 22:02,38.589,2.525,16
8/13/18 23:02,37.872,2.477,16
8/14/18 0:02,38.651,2.528,16
8/14/18 1:02,36.517,2.392,16
8/14/18 2:02,32.825,2.152,16
8/14/18 3:02,29.318,1.918,16
8/14/18 4:02,25.097,1.637,16
8/14/18 5:02,26.505,1.715,16
8/14/18 6:02,42.558,2.704,16
8/14/18 7:02,32.061,2.066,16
8/14/18 8:02,29.828,1.948,16
8/14/18 9:02,34.053,2.232,16
8/14/18 10:02,39.3,2.573,16
8/14/18 11:02,38.776,2.534,16
8/14/18 12:02,39.88,2.607,16
8/14/18 13:02,41.105,2.682,16
8/14/18 14:02,41.429,2.702,16
8/14/18 15:02,41.035,2.672,16
8/14/18 16:02,39.092,2.551,16
8/14/18 17:02,30.443,1.964,16
8/14/18 18:02,32.31,2.074,16
8/14/18 19:02,33.732,2.166,16
8/14/18 20:02,24.571,1.599,16
8/14/18 21:02,41.696,2.728,16
8/14/18 22:02,42.472,2.78,16
8/14/18 23:02,41.688,2.72,16
8/15/18 0:02,42.457,2.765,16
8/15/18 1:02,42.462,2.77,16
8/15/18 2:02,42.336,2.762,16
8/15/18 3:02,42.719,2.785,16
8/15/18 4:02,45.381,2.963,16
8/15/18 5:02,31.834,2.075,16
8/15/18 6:02,26.831,1.738,16
8/15/18 7:02,25.346,1.645,16
8/15/18 8:02,42.272,2.76,16
8/15/18 9:02,43.055,2.817,16
8/15/18 10:02,45.072,2.954,16
8/15/18 11:02,42.672,2.795,16
8/15/18 12:02,42.923,2.805,16
8/15/18 13:02,42.8,2.805,16
8/15/18 14:02,43.115,2.819,16
8/15/18 15:02,42.727,2.792,16
8/15/18 16:02,43.688,2.848,16
8/15/18 17:02,29.171,1.898,16
8/15/18 18:02,30.321,1.961,16
8/15/18 19:02,28.523,1.855,16
8/15/18 20:02,26.966,1.753,16
8/15/18 21:02,39.813,2.603,16
8/15/18 22:02,44.422,2.909,16
8/15/18 23:02,43.193,2.831,16
8/16/18 0:02,29.899,1.956,16
8/16/18 1:02,42.927,2.808,16
8/16/18 2:02,42.213,2.763,16
8/16/18 3:02,42.205,2.755,16
8/16/18 4:02,41.748,2.723,16
8/16/18 9:02,42.667,2.792,16
8/16/18 10:02,32.171,2.107,16
8/16/18 11:02,30.875,2.022,16
8/16/18 12:02,29.317,1.918,16
8/16/18 13:02,29.45,1.931,16
8/16/18 14:02,42.144,2.755,16
8/16/18 15:02,34.561,2.257,16
8/16/18 16:02,41.817,2.731,16
8/16/18 17:02,29.759,1.94,16
8/16/18 18:02,36.293,2.361,16
8/16/18 19:02,38.944,2.528,16
8/16/18 20:02,38.884,2.528,16
8/16/18 21:02,31.901,2.083,16
8/16/18 22:02,33.919,2.22,16
8/16/18 23:02,29.251,1.915,16
8/17/18 0:02,28.543,1.872,16
8/17/18 1:02,39.82,2.607,16
8/17/18 2:02,41.372,2.705,16
8/17/18 3:02,37.294,2.447,16
8/17/18 4:02,41.054,2.689,16
8/17/18 5:02,41.239,2.696,16
8/17/18 6:02,41.429,2.705,16
8/17/18 7:02,29.634,1.934,16
8/17/18 8:02,39.519,2.561,16
8/17/18 9:02,35.718,2.33,16
8/17/18 10:02,41.553,2.715,16
8/17/18 11:02,38.387,2.513,16
8/17/18 12:02,33.013,2.161,16
8/17/18 13:02,29.833,1.952,16
8/17/18 14:02,39.493,2.583,16
8/17/18 15:02,42.145,2.754,16
8/17/18 16:02,42.277,2.762,16
8/17/18 17:02,39.74,2.593,16
8/17/18 18:02,30.276,1.971,16
8/17/18 19:02,39.985,2.601,16
8/17/18 20:02,39.48,2.576,16
8/17/18 21:02,30.221,1.974,16
8/17/18 22:02,40.14,2.625,16
8/17/18 23:02,39.863,2.599,16
8/18/18 0:02,39.877,2.609,16
8/18/18 1:02,34.697,2.273,16
8/18/18 2:02,36.254,2.374,16
8/18/18 3:02,40.535,2.656,16
8/18/18 4:02,40.988,2.686,16
8/18/18 5:02,41.572,2.724,16
8/18/18 6:02,41.311,2.703,16
8/18/18 7:02,40.01,2.617,16
8/18/18 8:02,41.363,2.697,16
8/18/18 9:02,36.04,2.344,16
8/18/18 10:02,35.137,2.288,16
8/18/18 11:02,35.984,2.351,16
8/18/18 12:02,40.576,2.647,16
8/18/18 13:02,38.129,2.497,16
8/18/18 14:02,36.513,2.392,16
8/18/18 15:02,33.921,2.22,16
8/18/18 16:02,40.456,2.64,16
8/18/18 17:02,40.721,2.661,16
8/18/18 18:02,35.268,2.3,16
8/18/18 19:02,36.299,2.364,16
8/18/18 20:02,36.174,2.357,16
8/18/18 21:02,36.755,2.393,16
8/18/18 22:02,37.795,2.464,16
8/18/18 23:02,38.379,2.503,16
8/19/18 0:02,38.059,2.485,16
8/19/18 1:02,32.939,2.153,16
8/19/18 2:02,32.815,2.146,16
8/19/18 3:02,34.437,2.255,16
8/19/18 4:02,35.479,2.324,16
8/19/18 5:02,35.928,2.352,16
8/19/18 6:02,39.624,2.594,16
8/19/18 7:02,41.308,2.7,16
8/19/18 8:02,39.236,2.566,16
8/19/18 9:02,41.171,2.688,16
8/19/18 10:02,37.381,2.419,16
8/19/18 11:02,36.881,2.402,16
8/19/18 12:02,34.167,2.23,16
8/19/18 13:02,37.735,2.464,16
8/19/18 14:02,35.537,2.324,16
8/19/18 15:02,40.529,2.652,16
8/19/18 16:02,41.698,2.728,16
8/19/18 17:02,41.37,2.704,16
8/19/18 18:02,39.425,2.579,16
8/19/18 19:02,41.368,2.703,16
8/19/18 20:02,40.267,2.633,16
8/19/18 21:02,39.093,2.552,16
8/19/18 22:02,42.124,2.743,16
8/19/18 23:02,32.421,2.117,16
8/20/18 0:02,32.363,2.117,16
8/20/18 1:02,36.957,2.417,16
8/20/18 2:02,42.794,2.801,16
8/20/18 3:02,42.923,2.806,16
8/20/18 4:02,41.435,2.71,16
8/20/18 5:02,37.229,2.441,16
8/20/18 6:02,30.56,2.007,16
8/20/18 7:02,28.743,1.887,16
8/20/18 8:02,29.52,1.938,16
8/20/18 9:02,30.1,1.974,16
8/20/18 10:02,36.581,2.399,16
8/20/18 11:02,36.493,2.377,16
8/20/18 12:02,44.791,2.922,16
8/20/18 13:02,36.629,2.392,16
8/20/18 14:02,41.629,2.724,16
8/20/18 15:02,44.354,2.908,16
8/20/18 16:02,37.949,2.492,16
8/20/18 17:02,23.816,1.562,16
8/20/18 18:02,19.079,1.249,16
8/20/18 19:02,13.702,0.898,16
8/20/18 20:02,36.514,2.392,16
8/20/18 21:02,32.367,2.12,16
8/20/18 22:02,44.008,2.868,16
8/20/18 23:02,44.918,2.929,16
8/21/18 0:02,45.184,2.952,16
8/21/18 1:02,45.001,2.95,16
8/21/18 2:02,44.353,2.907,16
8/21/18 3:02,42.16,2.769,16
8/21/18 4:02,30.881,2.026,16
8/21/18 5:02,26.471,1.737,16
8/21/18 6:02,25.307,1.659,16
8/21/18 7:02,24.134,1.579,16
8/21/18 8:02,25.624,1.676,16
8/21/18 9:02,17.583,1.145,16
8/21/18 10:02,18.355,1.193,16
8/21/18 11:02,18.489,1.203,16
8/21/18 12:02,45.328,2.97,16
8/21/18 13:02,45.327,2.969,16
8/21/18 14:02,40.638,2.648,16
8/21/18 15:02,45.571,2.977,16
8/21/18 16:02,44.61,2.921,16
8/21/18 17:02,42.148,2.76,16
8/21/18 18:02,20.821,1.357,16
8/21/18 19:02,22.5,1.46,16
8/21/18 20:02,13.631,0.887,16
8/21/18 21:02,15.509,1.01,16
8/21/18 22:02,13.245,0.864,16
8/21/18 23:02,26.522,1.727,16
8/22/18 0:02,20.038,1.3,16
8/22/18 1:02,19.197,1.247,16
8/22/18 2:02,44.817,2.899,16
8/22/18 3:02,44.943,2.907,16
8/22/18 4:02,41.24,2.701,16
8/22/18 5:02,27.695,1.812,16
8/22/18 6:02,17.584,1.145,16
8/22/18 7:02,15.835,1.033,16
8/22/18 8:02,14.673,0.961,16
8/22/18 9:02,13.179,0.862,16
8/22/18 10:02,19.991,1.313,16
8/22/18 11:02,17.011,1.116,16
8/22/18 12:02,21.017,1.369,16
8/22/18 13:02,25.218,1.639,16
8/22/18 14:02,27.229,1.77,16
8/22/18 15:02,40.833,2.661,16
8/22/18 16:02,40.702,2.65,16
8/22/18 17:02,43.033,2.804,16
8/22/18 18:02,31.39,2.055,16
8/22/18 19:02,25.228,1.648,16
8/22/18 20:02,29.71,1.946,16
8/22/18 21:02,28.481,1.867,16
8/22/18 22:02,22.519,1.476,16
8/22/18 23:02,24.653,1.613,16
8/23/18 0:02,27.04,1.764,16
8/23/18 1:02,29.09,1.881,16
8/23/18 2:02,26.96,1.748,16
8/23/18 3:02,27.752,1.808,16
8/23/18 4:02,28.403,1.853,16
8/23/18 5:02,30.223,1.977,16
8/23/18 6:02,24.784,1.623,16
8/23/18 7:02,22.969,1.505,16
8/23/18 8:02,22.967,1.503,16
8/23/18 9:02,29.962,1.958,16
8/23/18 10:02,31.331,2.054,16
8/23/18 11:02,40.727,2.667,16
8/23/18 12:02,42.669,2.795,16
8/23/18 13:02,44.343,2.897,16
8/23/18 14:02,44.34,2.895,16
8/23/18 15:02,44.595,2.908,16
8/23/18 16:02,44.474,2.905,16
8/23/18 17:02,44.603,2.915,16
8/23/18 18:02,44.481,2.912,16
8/23/18 19:02,45.387,2.969,16
8/23/18 20:02,44.418,2.907,16
8/23/18 21:02,45.9,3.002,16
8/23/18 22:02,45.505,2.971,16
8/23/18 23:02,46.093,3.012,16
8/24/18 0:02,46.217,3.017,16
8/24/18 1:02,45.708,2.989,16
8/24/18 2:02,46.873,3.064,16
8/24/18 3:02,46.092,3.012,16
8/24/18 4:02,45.516,2.981,16
8/24/18 5:02,46.228,3.027,16
8/24/18 6:02,43.906,2.88,16
8/24/18 7:02,42.674,2.799,16
8/24/18 8:02,41.961,2.753,16
8/24/18 9:02,46.685,3.059,16
8/24/18 10:02,42.284,2.773,16
8/24/18 11:02,42.602,2.791,16
8/24/18 12:02,42.668,2.795,16
8/24/18 13:02,40.078,2.626,16
8/24/18 14:02,41.494,2.714,16
8/24/18 15:02,42.072,2.748,16
8/24/18 16:02,40.782,2.667,16
8/24/18 17:02,45.069,2.954,16
8/24/18 18:02,43.835,2.872,16
8/24/18 19:02,42.537,2.784,16
8/24/18 20:02,44.274,2.892,16
8/24/18 21:02,45.058,2.947,16
8/24/18 22:02,47.382,3.094,16
8/24/18 23:02,53.085,3.465,16
8/25/18 0:02,51.467,3.363,16
8/25/18 1:02,50.758,3.317,16
8/25/18 2:02,52.891,3.454,16
8/25/18 3:02,50.427,3.292,16
8/25/18 4:02,52.31,3.417,16
8/25/18 5:02,41.178,2.698,16
8/25/18 6:02,47.593,3.117,16
8/25/18 7:02,50.9,3.334,16
8/25/18 8:02,43.345,2.816,16
8/25/18 9:02,42.656,2.787,16
8/25/18 10:02,42.854,2.8,16
8/25/18 11:02,44.219,2.894,16
8/25/18 12:02,42.401,2.773,16
8/25/18 13:02,45.978,3.013,16
8/25/18 14:02,48.695,3.192,16
8/25/18 15:02,47.839,3.123,16
8/25/18 16:02,41.331,2.678,16
8/25/18 17:02,42.576,2.77,16
8/25/18 18:02,41.469,2.695,16
8/25/18 19:02,43.549,2.835,16
8/25/18 20:02,41.871,2.731,16
8/25/18 21:02,39.262,2.547,16
8/25/18 22:02,51.346,3.361,16
8/25/18 23:02,48.048,3.15,16
8/26/18 0:02,39.005,2.533,16
8/26/18 1:02,51.531,3.364,16
8/26/18 2:02,52.042,3.395,16
8/26/18 3:02,51.13,3.333,16
8/26/18 4:02,51.657,3.372,16
8/26/18 5:02,41.281,2.686,16
8/26/18 6:02,51.592,3.368,16
8/26/18 7:02,46.451,3.017,16
8/26/18 8:02,47.192,3.083,16
8/26/18 9:02,44.601,2.916,16
8/26/18 10:02,50.941,3.322,16
8/26/18 11:02,45.514,2.979,16
8/26/18 12:02,46.298,3.034,16
8/26/18 13:02,49.59,3.242,16
8/26/18 14:02,38.884,2.529,16
8/26/18 15:02,50.879,3.32,16
8/26/18 16:02,42.939,2.777,16
8/26/18 17:02,47.763,3.111,16
8/26/18 18:02,40.353,2.608,16
8/26/18 19:02,49.961,3.252,16
8/26/18 20:02,52.491,3.421,16
8/26/18 21:02,38.932,2.521,16
8/26/18 22:02,40.444,2.635,16
8/26/18 23:02,36.425,2.371,16
8/27/18 0:02,49.008,3.201,16
8/27/18 1:02,38.033,2.468,16
8/27/18 2:02,39.852,2.59,16
8/27/18 3:02,44.134,2.874,16
8/27/18 4:02,48.267,3.138,16
8/27/18 5:02,42.108,2.732,16
8/27/18 6:02,46.938,3.07,16
8/27/18 7:02,47.258,3.088,16
8/27/18 8:02,39.599,2.579,16
8/27/18 9:02,39.338,2.561,16
8/27/18 10:02,40.577,2.648,16
8/27/18 11:02,43.098,2.809,16
8/27/18 12:02,43.376,2.84,16
8/27/18 13:02,43.963,2.881,16
8/27/18 14:02,47.653,3.12,16
8/27/18 15:02,51.047,3.314,16
8/27/18 16:02,49.681,3.219,16
8/27/18 17:02,51.839,3.375,16
8/27/18 18:02,39.072,2.539,16
8/27/18 19:02,37.391,2.43,16
8/27/18 20:02,38.88,2.526,16
8/27/18 21:02,37.526,2.445,16
8/27/18 22:02,51.551,3.337,16
8/27/18 23:02,43.75,2.856,16
8/28/18 0:02,36.631,2.394,16
8/28/18 1:02,37.541,2.455,16
8/28/18 2:02,36.82,2.4,16
8/28/18 3:02,39.554,2.587,16
8/28/18 4:02,38.184,2.493,16
8/28/18 5:02,38.831,2.532,16
8/28/18 6:02,38.837,2.536,16
8/28/18 7:02,40.902,2.671,16
8/28/18 8:02,44.912,2.928,16
8/28/18 9:02,44.343,2.902,16
8/28/18 10:02,52.633,3.395,16
8/28/18 11:02,43.048,2.816,16
8/28/18 12:02,35.342,2.314,16
8/28/18 13:02,38.394,2.517,16
8/28/18 14:02,38.189,2.497,16
8/28/18 15:02,36.303,2.369,16
8/28/18 16:02,35.786,2.334,16
8/28/18 17:02,42.848,2.796,16
8/28/18 18:02,41.884,2.742,16
8/28/18 19:02,42.283,2.773,16
8/28/18 20:02,38.268,2.511,16
8/28/18 21:02,43.319,2.842,16
8/28/18 22:02,45.617,2.967,16
8/28/18 23:02,40.008,2.621,16
8/29/18 0:02,40.471,2.655,16
8/29/18 1:02,39.306,2.58,16
8/29/18 2:02,34.96,2.291,16
8/29/18 3:02,36.314,2.377,16
8/29/18 4:02,35.866,2.35,16
8/29/18 5:02,40.452,2.64,16
8/29/18 6:02,41.494,2.713,16
8/29/18 7:02,41.052,2.691,16
8/29/18 8:02,40.534,2.659,16
8/29/18 9:02,40.207,2.636,16
8/29/18 10:02,42.696,2.773,16
8/29/18 11:02,42.195,2.754,16
8/29/18 12:02,41.31,2.706,16
8/29/18 13:02,40.791,2.672,16
8/29/18 14:02,37.029,2.422,16
8/29/18 15:02,37.483,2.454,16
8/29/18 16:02,37.352,2.443,16
8/29/18 17:02,39.355,2.572,16
8/29/18 18:02,40.775,2.659,16
8/29/18 19:02,41.348,2.69,16
8/29/18 20:02,41.162,2.686,16
8/29/18 21:02,41.801,2.722,16
8/29/18 22:02,42.128,2.746,16
8/29/18 23:02,42.013,2.747,16
8/30/18 0:02,41.054,2.692,16
8/30/18 1:02,41.569,2.725,16
8/30/18 2:02,41.57,2.726,16
8/30/18 3:02,42.55,2.793,16
8/30/18 4:02,44.281,2.896,16
8/30/18 5:02,44.416,2.907,16
8/30/18 6:02,42,2.737,16
8/30/18 7:02,47.996,3.111,16
8/30/18 8:02,44.135,2.875,16
8/30/18 9:02,42.668,2.796,16
8/30/18 10:02,43.249,2.832,16
8/30/18 11:02,43.64,2.86,16
8/30/18 12:02,43.767,2.868,16
8/30/18 13:02,45.198,2.964,16
8/30/18 14:02,43.519,2.856,16
8/30/18 15:02,45.262,2.968,16
8/30/18 16:02,45.07,2.954,16
8/30/18 17:02,45.384,2.968,16
8/30/18 18:02,47.174,3.069,16
8/30/18 19:02,46.661,3.04,16
8/30/18 20:02,46.603,3.042,16
8/30/18 21:02,43.695,2.857,16
8/30/18 22:02,43.638,2.859,16
8/30/18 23:02,44.096,2.89,16
8/31/18 0:02,45,2.949,16
8/31/18 1:02,44.745,2.932,16
8/31/18 2:02,44.806,2.935,16
8/31/18 3:02,44.166,2.898,16
8/31/18 4:02,45.001,2.95,16
8/31/18 5:02,44.473,2.907,16
8/31/18 6:02,44.784,2.918,16
8/31/18 7:02,44.656,2.914,16
8/31/18 8:02,45.372,2.96,16
8/31/18 9:02,45.638,2.982,16
8/31/18 10:02,45.385,2.969,16
8/31/18 11:02,45.842,3.003,16
8/31/18 12:02,43.247,2.831,16
8/31/18 13:02,39.945,2.617,16
8/31/18 14:02,45.584,2.987,16
8/31/18 15:02,46.038,3.014,16
8/31/18 16:02,44.802,2.93,16
8/31/18 17:02,39.539,2.576,16
8/31/18 18:02,42.636,2.771,16
8/31/18 19:02,42.842,2.792,16
8/31/18 20:02,44.295,2.863,16
8/31/18 21:02,43.232,2.819,16
8/31/18 22:02,42.445,2.763,16
9/1/18 0:02,40.575,2.647,16
9/1/18 1:02,39.354,2.573,16
9/1/18 2:02,38.328,2.512,16
9/1/18 3:02,43.19,2.829,16
9/1/18 4:02,38.589,2.529,16
9/1/18 5:02,38.771,2.536,16
9/1/18 6:02,39.99,2.607,16
9/1/18 7:02,39.924,2.601,16
9/1/18 8:02,39.988,2.606,16
9/1/18 9:02,41.662,2.706,16
9/1/18 10:02,44.642,2.904,16
9/1/18 11:02,43.818,2.861,16
9/1/18 12:02,43.243,2.829,16
9/1/18 13:02,40.265,2.636,16
9/1/18 14:02,38.319,2.504,16
9/1/18 15:02,38.776,2.538,16
9/1/18 16:02,40.716,2.661,16
9/1/18 17:02,43.563,2.846,16
9/1/18 18:02,41.045,2.686,16
9/1/18 19:02,43.177,2.822,16
9/1/18 20:02,42.128,2.747,16
9/1/18 21:02,41.093,2.679,16
9/1/18 22:02,57.273,3.68,16
9/1/18 23:02,58.288,3.78,16
9/2/18 0:02,43.805,2.85,16
9/2/18 1:02,39.554,2.589,16
9/2/18 2:02,38.588,2.529,16
9/2/18 3:02,36.711,2.406,16
9/2/18 4:02,35.736,2.343,16
9/2/18 5:02,36.576,2.396,16
9/2/18 6:02,39.555,2.59,16
9/2/18 7:02,37.733,2.465,16
9/2/18 8:02,40.107,2.604,16
9/2/18 9:02,39.916,2.595,16
9/2/18 10:02,37.208,2.428,16
9/2/18 11:02,38.392,2.517,16
9/2/18 12:02,45.922,2.973,16
9/2/18 13:02,39.788,2.586,16
9/2/18 14:02,38.712,2.534,16
9/2/18 15:02,38.125,2.493,16
9/2/18 16:02,36.9,2.418,16
9/2/18 17:02,36.63,2.392,16
9/2/18 18:02,38.234,2.484,16
9/2/18 19:02,36.042,2.348,16
9/2/18 20:02,39.66,2.581,16
9/2/18 21:02,41.665,2.708,16
9/2/18 22:02,45.628,2.975,16
9/2/18 23:02,48.926,3.19,16
9/3/18 0:02,44.647,2.906,16
9/3/18 1:02,36.701,2.399,16
9/3/18 2:02,34.829,2.281,16
9/3/18 3:02,34.833,2.284,16
9/3/18 4:02,38.842,2.538,16
9/3/18 5:02,34.957,2.289,16
9/3/18 6:02,33.919,2.22,16
9/3/18 7:02,34.49,2.252,16
9/3/18 8:02,40.597,2.615,16
9/3/18 9:02,41.703,2.69,16
9/3/18 10:02,40.422,2.617,16
9/3/18 11:02,40.112,2.606,16
9/3/18 12:02,36.431,2.375,16
9/3/18 13:02,36.49,2.374,16
9/3/18 14:02,36.872,2.396,16
9/3/18 15:02,37.13,2.411,16
9/3/18 16:02,34.94,2.276,16
9/3/18 17:02,34.75,2.268,16
9/3/18 18:02,34.613,2.253,16
9/3/18 19:02,35.446,2.299,16
9/3/18 20:02,35.582,2.314,16
9/3/18 21:02,36.164,2.351,16
9/3/18 22:02,36.81,2.393,16
9/3/18 23:02,37.332,2.429,16
9/4/18 0:02,36.49,2.375,16
9/4/18 1:02,34.103,2.226,16
9/4/18 2:02,34.364,2.243,16
9/4/18 3:02,35.067,2.284,16
9/4/18 4:02,34.558,2.254,16
9/4/18 5:02,34.753,2.27,16
9/4/18 6:02,34.884,2.277,16
9/4/18 7:02,35.342,2.312,16
9/4/18 8:02,35.013,2.287,16
9/4/18 9:02,34.821,2.274,16
9/4/18 10:02,35.005,2.28,16
9/4/18 11:02,35.056,2.275,16
9/4/18 12:02,34.297,2.236,16
9/4/18 13:02,33.007,2.156,16
9/4/18 14:02,33.26,2.172,16
9/4/18 15:02,34.167,2.231,16
9/4/18 16:02,33.912,2.214,16
9/4/18 17:02,37.747,2.429,16
9/4/18 18:02,32.488,2.123,16
9/4/18 19:02,31.703,2.068,16
9/4/18 20:02,32.546,2.123,16
9/4/18 21:02,31.775,2.075,16
9/4/18 22:02,32.999,2.15,16
9/4/18 23:02,33.77,2.197,16
9/5/18 0:02,33.072,2.161,16
9/5/18 1:02,32.043,2.101,16
9/5/18 2:02,31.981,2.099,16
9/5/18 3:02,33.023,2.168,16
9/5/18 4:02,32.956,2.165,16
9/5/18 5:02,33.474,2.197,16
9/5/18 6:02,30.877,2.024,16
9/5/18 7:02,39.506,2.551,16
9/5/18 8:02,34.559,2.256,16
9/5/18 9:02,31.845,2.084,16
9/5/18 10:03,31.78,2.079,16
9/5/18 10:04,31.78,2.079,16
9/5/18 11:02,33.26,2.172,16
9/5/18 12:02,32.031,2.093,16
9/5/18 13:02,32.485,2.121,16
9/5/18 14:02,31.521,2.062,16
9/5/18 15:02,33.212,2.179,16
9/5/18 16:02,32.891,2.16,16
9/5/18 17:02,33.61,2.209,16
9/5/18 18:02,31.978,2.098,16
9/5/18 19:02,33.538,2.202,16
9/5/18 20:02,34.322,2.256,16
9/5/18 21:02,34.577,2.27,16
9/5/18 22:02,32.504,2.134,16
9/5/18 23:02,38.58,2.523,16
9/6/18 0:02,37.072,2.413,16
9/6/18 1:02,33.14,2.17,16
9/6/18 2:02,35.273,2.306,16
9/6/18 3:02,31.912,2.091,16
9/6/18 4:02,33.407,2.192,16
9/6/18 5:02,34.903,2.293,16
9/6/18 6:02,32.896,2.163,16
9/6/18 7:02,33.026,2.17,16
9/6/18 8:02,36.133,2.372,16
9/6/18 9:02,34.382,2.257,16
9/6/18 10:02,41.18,2.698,16
9/6/18 11:02,42.475,2.783,16
9/6/18 12:02,37.101,2.434,16
9/6/18 13:02,33.406,2.191,16
9/6/18 14:02,33.921,2.222,16
9/6/18 15:02,40.638,2.65,16
9/6/18 16:02,43.236,2.824,16
9/6/18 17:02,40.209,2.635,16
9/6/18 18:02,39.757,2.609,16
9/6/18 19:02,40.148,2.634,16
9/6/18 20:02,40.535,2.658,16
9/6/18 21:02,45.836,2.998,16
9/6/18 22:02,43.119,2.824,16
9/6/18 23:02,46.295,3.03,16
9/7/18 0:02,41.44,2.716,16
9/7/18 1:02,46.747,3.059,16
9/7/18 2:02,45.119,2.947,16
9/7/18 3:02,44.094,2.887,16
9/7/18 4:02,40.275,2.641,16
9/7/18 5:02,39.952,2.621,16
9/7/18 6:02,41.245,2.704,16
9/7/18 7:02,44.672,2.924,16
9/7/18 8:02,41.961,2.751,16
9/7/18 8:06,1.10E+12,1.10E+12,16
9/7/18 9:02,50.433,3.296,16
9/7/18 10:02,50.311,3.292,16
9/7/18 11:02,41.887,2.742,16
9/7/18 11:06,1.10E+12,1.10E+12,16
9/7/18 12:02,41.307,2.703,16
9/7/18 13:02,41.951,2.743,16
9/7/18 14:02,45.177,2.946,16
9/7/18 15:02,41.623,2.718,16
9/7/18 16:02,41.881,2.738,16
9/7/18 17:02,43.113,2.819,16
9/7/18 18:02,48.393,3.138,16
9/7/18 19:02,45.77,2.992,16
9/7/18 20:02,46.998,3.07,16
9/7/18 21:02,44.987,2.938,16
9/7/18 22:02,48.223,3.146,16
9/7/18 23:02,46.608,3.043,16
9/8/18 0:02,45.037,2.926,16
9/8/18 1:02,49.059,3.194,16
9/8/18 2:02,46.339,3.018,16
9/8/18 3:02,61.908,3.859,16
9/8/18 4:02,56.746,3.586,16
9/8/18 5:02,46.778,3.038,16
9/8/18 6:02,48.541,3.162,16
9/8/18 7:02,49.835,3.247,16
9/8/18 8:02,50.357,3.282,16
9/8/18 9:02,48.094,3.135,16
9/8/18 10:02,47.831,3.116,16
9/8/18 11:02,48.008,3.116,16
9/8/18 12:03,50.604,3.287,16
9/8/18 13:02,49.425,3.202,16
9/8/18 14:03,47.219,3.056,16
9/8/18 15:02,44.767,2.904,16
9/8/18 16:02,58.44,3.703,16
9/8/18 17:03,40.909,2.627,16
9/8/18 18:02,67.975,4.235,16
9/8/18 19:03,50.312,3.247,16
9/8/18 20:03,48.903,3.169,16
9/8/18 21:03,44.891,2.907,16
9/8/18 22:03,49.558,3.215,16
9/8/18 23:03,48.135,3.12,16
9/9/18 0:03,49.357,3.194,16
9/9/18 1:03,45.137,2.913,16
9/9/18 2:03,43.978,2.845,16
9/9/18 3:03,52.768,3.404,16
9/9/18 4:03,53.353,3.442,16
9/9/18 5:03,63.291,3.964,16
9/9/18 6:03,69.564,4.31,16
9/9/18 7:03,51.968,3.335,16
9/9/18 8:03,52.965,3.418,16
9/9/18 9:03,48.894,3.161,16
9/9/18 10:03,46.904,3.042,16
9/9/18 11:03,46.905,3.042,16
9/9/18 12:03,49.035,3.175,16
9/9/18 13:03,47.71,3.067,16
9/9/18 14:03,49.02,3.164,16
9/9/18 15:03,48.12,3.111,16
9/9/18 16:03,51.662,3.329,16
9/9/18 17:03,62.366,3.879,16
9/9/18 18:03,98.097,5.817,16
9/9/18 19:03,99.835,5.923,16
9/9/18 20:03,75.51,4.617,16
9/9/18 21:03,51.826,3.262,16
9/9/18 22:03,44.191,2.823,16
9/9/18 23:03,41.115,2.647,16
9/10/18 0:03,43.595,2.775,16
9/10/18 1:03,41.152,2.629,16
9/10/18 2:03,42.638,2.722,16
9/10/18 3:03,44.252,2.825,16
9/10/18 4:03,61.385,3.81,16
9/10/18 5:03,63.634,3.939,16
9/10/18 6:03,86.065,5.179,16
9/10/18 7:03,97.338,5.787,16
9/10/18 8:03,79.855,4.843,16
9/10/18 9:03,100.799,5.967,16
9/10/18 10:03,96.39,5.747,16
9/10/18 11:03,83.532,5.07,16
9/10/18 12:03,37.881,2.439,16
9/10/18 13:03,36.974,2.378,16
9/10/18 14:03,41.128,2.659,16
9/10/18 16:03,39.246,2.533,16
9/10/18 17:03,43.2,2.742,16
9/10/18 18:03,45.901,2.902,16
9/10/18 19:03,85.129,5.151,16
9/10/18 20:03,92.17,5.523,16
9/10/18 21:03,82.449,5.017,16
9/10/18 22:03,40.054,2.559,16
9/10/18 23:03,40.381,2.583,16
9/11/18 0:03,32.903,2.124,16
9/11/18 1:03,33.756,2.187,16
9/11/18 2:03,36.647,2.355,16
9/11/18 3:03,35.801,2.298,16
9/11/18 4:03,37.362,2.405,16
9/11/18 5:03,38.536,2.488,16
9/11/18 6:03,39.937,2.563,16
9/11/18 7:03,91.777,5.496,16
9/11/18 8:03,57.891,3.639,16
9/11/18 9:03,41.614,2.666,16
9/11/18 10:03,74.383,4.583,16
9/11/18 11:03,41.088,2.627,16
9/11/18 12:03,37.373,2.415,16
9/11/18 13:03,36.737,2.381,16
9/11/18 14:03,36.535,2.364,16
9/11/18 15:03,37.835,2.452,16
9/11/18 16:03,37.502,2.424,16
9/11/18 17:03,37.493,2.416,16
9/11/18 18:03,51.578,3.255,16
9/11/18 19:03,58.91,3.69,16
9/11/18 20:03,71.552,4.409,16
9/11/18 21:03,47.996,3.056,16
9/11/18 22:03,53.65,3.39,16
9/11/18 23:03,41.741,2.673,16
9/12/18 0:03,38.27,2.466,16
9/12/18 1:03,64.236,3.995,16
9/12/18 2:03,37.77,2.446,16
9/12/18 3:03,36.384,2.337,16
9/12/18 4:03,36.647,2.355,16
9/12/18 5:03,40.628,2.588,16
9/12/18 6:03,40.752,2.593,16
9/12/18 7:03,77.324,4.732,16
9/12/18 8:03,66.477,4.119,16
9/12/18 9:03,69.877,4.311,16
9/12/18 10:03,103.908,6.075,16
9/12/18 11:03,67.442,4.174,16
9/12/18 12:03,45.774,2.898,16
9/12/18 13:03,48.475,3.058,16
9/12/18 14:03,50.666,3.192,16
9/12/18 15:03,54.136,3.392,16
9/12/18 16:03,77.381,4.725,16
9/12/18 17:03,91.061,5.429,16
9/12/18 18:03,101.43,5.88,16
9/12/18 19:03,92.515,5.482,16
9/12/18 20:03,100.618,5.869,16
9/12/18 21:03,91.497,5.44,16
9/12/18 22:03,77.573,4.739,16
9/12/18 23:03,91.812,5.451,16
9/13/18 0:03,94.881,5.607,16
9/13/18 1:03,74.634,4.583,16
9/13/18 2:03,42.753,2.717,16
9/13/18 3:03,62.759,3.907,16
9/13/18 4:03,60.364,3.754,16
9/13/18 5:03,91.616,5.43,16
9/13/18 6:03,89.254,5.319,16
9/13/18 7:03,77.738,4.718,16
9/13/18 8:03,75.496,4.595,16
9/13/18 9:03,42.939,2.725,16
9/13/18 10:03,41.791,2.666,16
9/13/18 11:03,61.139,3.801,16
9/13/18 12:03,70.146,4.334,16
9/13/18 13:03,73.645,4.501,16
9/13/18 14:03,44.889,2.858,16
9/13/18 15:03,55.433,3.479,16
9/13/18 16:03,48.147,3.033,16
9/13/18 17:03,97.239,5.721,16
9/13/18 18:03,58.223,3.606,16
9/13/18 19:03,105.811,6.158,16
9/13/18 20:03,66.994,4.147,16
9/13/18 21:03,67.059,4.154,16
9/13/18 22:03,58.279,3.661,16
9/13/18 23:03,58.467,3.666,16
9/14/18 0:03,55.06,3.465,16
9/14/18 1:03,55.627,3.488,16
9/14/18 2:03,57.977,3.604,16
9/14/18 3:03,85.222,5.105,16
9/14/18 4:03,95.741,5.604,16
9/14/18 5:03,88.288,5.259,16
9/14/18 6:03,77.279,4.677,16
9/14/18 7:03,84.945,5.066,16
9/14/18 8:03,93.579,5.512,16
9/14/18 9:03,97.093,5.682,16
9/14/18 10:03,96.386,5.645,16
9/14/18 11:03,100.417,5.845,16
9/14/18 12:03,102.699,5.934,16
9/14/18 13:03,91.481,5.419,16
9/14/18 14:03,89.561,5.318,16
9/14/18 15:03,96.282,5.669,16
9/14/18 16:03,96.466,5.667,16
9/14/18 17:03,97.105,5.699,16
9/14/18 18:03,101.301,5.873,16
9/14/18 19:03,97.644,5.672,16
9/14/18 20:03,103.322,5.944,16
9/14/18 21:03,98.876,5.759,16
9/14/18 22:03,102.376,5.914,16
9/14/18 23:03,105.032,6.105,16
9/15/18 0:03,107.602,6.26,16
9/15/18 1:03,104.329,6.085,16
9/15/18 2:03,99.902,5.838,16
9/15/18 3:03,99.52,5.815,16
9/15/18 4:03,100.29,5.865,16
9/15/18 5:03,100.157,5.835,16
9/15/18 6:03,94.094,5.557,16
9/15/18 7:03,78.781,4.731,16
9/15/18 8:03,85.836,5.207,16
9/15/18 9:03,94.306,5.596,16
9/15/18 10:03,98.451,5.782,16
9/15/18 11:03,107.304,6.276,16
9/15/18 12:03,103.577,6.055,16
9/15/18 13:03,95.694,5.633,16
9/15/18 14:03,91.409,5.415,16
9/15/18 15:03,107.245,6.282,16
9/15/18 16:03,104.861,6.133,16
9/15/18 17:03,102.071,5.929,16
9/15/18 18:03,98.461,5.706,16
9/15/18 19:03,98.336,5.7,16
9/15/18 20:03,100.057,5.773,16
9/15/18 21:03,96.778,5.585,16
9/15/18 22:03,99.669,5.752,16
9/15/18 23:03,99.356,5.751,16
9/16/18 0:03,103.409,5.994,16
9/16/18 1:03,103.357,6.012,16
9/16/18 2:03,103.109,6.016,16
9/16/18 3:03,104.787,6.121,16
9/16/18 4:03,104.467,6.109,16
9/16/18 5:03,101.34,5.966,16
9/16/18 6:03,102.047,6.013,16
9/16/18 7:03,103.69,6.076,16
9/16/18 8:03,103.293,6.029,16
9/16/18 9:03,101.465,5.969,16
9/16/18 10:03,105.634,6.194,16
9/16/18 11:03,106.068,6.205,16
9/16/18 12:03,105.64,6.206,16
9/16/18 13:03,104.983,6.152,16
9/16/18 14:03,105.306,6.166,16
9/16/18 15:03,103.274,6.084,16
9/16/18 16:03,101.398,5.96,16
9/16/18 17:03,97.347,5.73,16
9/16/18 18:03,95.564,5.64,16
9/16/18 19:03,92.169,5.465,16
9/16/18 20:03,98.01,5.778,16
9/16/18 21:03,97.511,5.77,16
9/16/18 22:03,102.196,5.947,16
9/16/18 23:03,104.168,6.032,16
9/17/18 0:03,103.14,5.97,16
9/17/18 1:03,102.365,5.925,16
9/17/18 2:03,101.532,5.88,16
9/17/18 3:03,103.461,5.981,16
9/17/18 4:03,102.568,5.938,16
9/17/18 5:03,100.828,5.829,16
9/17/18 6:03,100.774,5.848,16
9/17/18 7:03,100.081,5.827,16
9/17/18 8:03,97.592,5.719,16
9/17/18 9:03,97.754,5.778,16
9/17/18 10:03,100.106,5.874,16
9/17/18 11:03,101.523,5.879,16
9/17/18 12:03,99.872,5.804,16
9/17/18 13:03,99.615,5.787,16
9/17/18 14:03,98.985,5.768,16
9/17/18 15:03,98.038,5.735,16
9/17/18 16:03,97.091,5.702,16
9/17/18 17:03,97.096,5.705,16
9/17/18 18:03,94.534,5.653,16
9/17/18 19:03,90.009,5.496,16
9/17/18 20:03,104.426,6.035,16
9/17/18 21:03,98.094,5.719,16
9/17/18 22:03,101.295,5.882,16
9/17/18 23:03,104.162,6.034,16
9/18/18 0:03,99.241,5.768,16
9/18/18 1:03,96.029,5.589,16
9/18/18 2:03,95.267,5.553,16
9/18/18 3:03,97.195,5.67,16
9/18/18 4:03,95.598,5.589,16
9/18/18 5:03,97.07,5.665,16
9/18/18 6:03,96.114,5.628,16
9/18/18 7:03,95.222,5.584,16
9/18/18 8:03,92.363,5.462,16
9/18/18 9:03,91.667,5.435,16
9/18/18 10:03,91.043,5.421,16
9/18/18 11:03,91.611,5.44,16
9/18/18 12:03,97.197,5.676,16
9/18/18 13:03,97.578,5.694,16
9/18/18 14:03,94.909,5.573,16
9/18/18 15:03,95.538,5.593,16
9/18/18 16:03,90.843,5.402,16
9/18/18 17:03,87.805,5.206,16
9/18/18 18:03,90.347,5.309,16
9/18/18 19:03,80.383,4.88,16
9/18/18 20:03,86.174,5.156,16
9/18/18 21:03,78.86,4.812,16
9/18/18 22:03,88.596,5.271,16
9/18/18 23:03,93.999,5.505,16
9/19/18 0:03,76.368,4.687,16
9/19/18 1:03,89.383,5.34,16
9/19/18 2:03,72.79,4.493,16
9/19/18 3:03,85.164,5.123,16
9/19/18 4:03,59.652,3.754,16
9/19/18 5:03,71.371,4.406,16
9/19/18 6:03,61.121,3.837,16
9/19/18 7:03,69.725,4.332,16
9/19/18 8:03,85.11,5.129,16
9/19/18 9:03,73.946,4.564,16
9/19/18 10:03,82.239,4.98,16
9/19/18 11:03,83.58,5.054,16
9/19/18 12:03,77.708,4.751,16
9/19/18 13:03,80.27,4.895,16
9/19/18 14:03,69.196,4.29,16
9/19/18 15:03,57.017,3.602,16
9/19/18 16:03,62.731,3.932,16
9/19/18 17:03,86.005,5.177,16
9/19/18 18:03,79.935,4.861,16
9/19/18 19:03,55.407,3.503,16
9/19/18 20:03,66.063,4.118,16
9/19/18 21:03,74.318,4.57,16
9/19/18 22:03,69.009,4.285,16
9/19/18 23:03,76.043,4.664,16
9/20/18 0:03,72.712,4.479,16
9/20/18 1:03,69.58,4.313,16
9/20/18 2:03,70.415,4.358,16
9/20/18 3:03,68.562,4.261,16
9/20/18 4:03,69.968,4.337,16
9/20/18 5:03,58.678,3.693,16
9/20/18 6:03,51.802,3.287,16
9/20/18 7:03,48.906,3.112,16
9/20/18 8:03,48.78,3.109,16
9/20/18 9:03,71.634,4.427,16
9/20/18 10:03,75.093,4.621,16
9/20/18 11:03,76.306,4.685,16
9/20/18 12:03,76.878,4.712,16
9/20/18 13:03,72.087,4.459,16
9/20/18 14:03,72.79,4.494,16
9/20/18 15:03,56.376,3.566,16
9/20/18 16:03,62.651,3.916,16
9/20/18 17:03,77.114,4.702,16
9/20/18 18:03,60.668,3.806,16
9/20/18 19:03,58.293,3.67,16
9/20/18 20:03,50.251,3.189,16
9/20/18 21:03,64,3.994,16
9/20/18 22:03,59.823,3.75,16
9/20/18 23:03,71.432,4.409,16
9/21/18 0:03,71.355,4.392,16
9/21/18 1:03,66.235,4.113,16
9/21/18 2:03,69.692,4.3,16
9/21/18 3:03,69.443,4.294,16
9/21/18 4:03,70.594,4.361,16
9/21/18 5:03,60.784,3.804,16
9/21/18 6:03,61.047,3.823,16
9/21/18 7:03,57.59,3.631,16
9/21/18 8:03,55.405,3.502,16
9/21/18 9:03,58.88,3.712,16
9/21/18 10:03,56.247,3.56,16
9/21/18 11:03,60.035,3.778,16
9/21/18 12:03,62.767,3.911,16
9/21/18 13:03,67.81,4.178,16
9/21/18 14:03,75.876,4.614,16
9/21/18 15:03,79.262,4.791,16
9/21/18 16:03,79.787,4.83,16
9/21/18 17:03,64.098,3.973,16
9/21/18 18:03,66.32,4.075,16
9/21/18 19:03,61.735,3.844,16
9/21/18 20:03,63.128,3.909,16
9/21/18 21:03,67.744,4.171,16
9/21/18 22:03,75.264,4.541,16
9/21/18 23:03,76.359,4.604,16
9/22/18 0:03,93.161,5.451,16
9/22/18 5:03,89.994,5.337,16
9/22/18 6:03,87.316,5.201,16
9/22/18 7:03,83.969,5.004,16
9/22/18 8:03,78.091,4.705,16
9/22/18 9:03,90.107,5.319,16
9/22/18 10:03,82.529,4.966,16
9/22/18 11:03,78.511,4.764,16
9/22/18 12:03,69.611,4.282,16
9/22/18 13:03,70.962,4.36,16
9/22/18 14:03,81.043,4.871,16
9/22/18 15:03,88.641,5.25,16
9/22/18 16:03,94.021,5.534,16
9/22/18 17:03,90.113,5.327,16
9/22/18 18:03,97.415,5.714,16
9/22/18 19:03,89.916,5.312,16
9/22/18 20:03,70.437,4.32,16
9/22/18 21:03,60.191,3.757,16
9/22/18 22:03,57.686,3.61,16
9/22/18 23:03,68.577,4.216,16
9/23/18 0:03,72.929,4.452,16
9/23/18 1:03,65.878,4.059,16
9/23/18 2:03,72.353,4.423,16
9/23/18 3:03,98.135,5.713,16
9/23/18 4:03,98.886,5.788,16
9/23/18 5:03,103.373,6.037,16
9/23/18 6:03,64.988,4.014,16
9/23/18 7:03,59.423,3.714,16
9/23/18 8:03,60.189,3.756,16
9/23/18 9:03,64.169,3.984,16
9/23/18 10:03,63.795,3.973,16
9/23/18 11:03,67.444,4.172,16
9/23/18 12:03,88.251,5.227,16
9/23/18 13:03,60.801,3.821,16
9/23/18 14:03,67.332,4.179,16
9/23/18 15:03,87.542,5.185,16
9/23/18 16:03,94.648,5.554,16
9/23/18 17:03,86.773,5.142,16
9/23/18 18:03,73.742,4.476,16
9/23/18 19:03,69.611,4.284,16
9/23/18 20:03,63.23,3.952,16
9/23/18 21:03,53.999,3.429,16
9/23/18 22:03,70.374,4.315,16
9/23/18 23:03,57.252,3.597,16
9/24/18 0:03,67.364,4.153,16
9/24/18 1:03,70.377,4.321,16
9/24/18 2:03,74.904,4.548,16
9/24/18 3:03,79.725,4.757,16
9/24/18 4:03,62.847,3.932,16
9/24/18 5:03,83.362,4.935,16
9/24/18 6:03,90.969,5.323,16
9/24/18 7:03,79.301,4.766,16
9/24/18 8:03,63.098,3.94,16
9/24/18 9:03,51.045,3.26,16
9/24/18 10:03,50.977,3.251,16
9/24/18 11:03,48.966,3.115,16
9/24/18 12:03,52.697,3.338,16
9/24/18 13:03,80.321,4.813,16
9/24/18 14:03,76.798,4.625,16
9/24/18 15:03,89.118,5.233,16
9/24/18 16:03,86.497,5.102,16
9/24/18 17:03,74.629,4.514,16
9/24/18 18:03,61.338,3.817,16
9/24/18 19:03,65.684,4.044,16
9/24/18 20:03,49.457,3.128,16
9/24/18 21:03,43.555,2.787,16
9/24/18 22:03,46.843,2.987,16
9/24/18 23:03,44.193,2.821,16
9/25/18 0:03,49.218,3.124,16
9/25/18 1:03,51.767,3.258,16
9/25/18 2:03,48.183,3.059,16
9/25/18 3:03,50.739,3.198,16
9/25/18 4:03,77.317,4.657,16
9/25/18 5:03,83.067,4.962,16
9/25/18 6:03,75.005,4.541,16
9/25/18 7:03,58.043,3.664,16
9/25/18 8:03,44.546,2.868,16
9/25/18 9:03,40.754,2.642,16
9/25/18 10:03,40.937,2.648,16
9/25/18 11:03,40.552,2.624,16
9/25/18 12:03,41.635,2.679,16
9/25/18 13:03,43.181,2.774,16
9/25/18 14:03,57.513,3.617,16
9/25/18 15:03,76.045,4.594,16
9/25/18 16:03,78.282,4.726,16
9/25/18 17:03,70.86,4.328,16
9/25/18 18:03,56.541,3.557,16
9/25/18 19:03,46.849,2.993,16
9/25/18 20:03,41.756,2.682,16
9/25/18 21:03,40.216,2.592,16
9/25/18 22:03,38.093,2.466,16
9/25/18 23:03,36.169,2.354,16
9/26/18 0:03,35.318,2.292,16
9/26/18 1:03,33.445,2.173,16
9/26/18 2:03,35.76,2.31,16
9/26/18 3:03,43.537,2.771,16
9/26/18 4:03,46.047,2.925,16
9/26/18 5:03,51.296,3.217,16
9/26/18 6:03,49.511,3.119,16
9/26/18 7:03,45.03,2.872,16
9/26/18 8:03,39.376,2.541,16
9/26/18 9:03,37.514,2.431,16
9/26/18 10:03,36.225,2.351,16
9/26/18 11:03,37.38,2.418,16
9/26/18 12:03,36.677,2.377,16
9/26/18 13:03,37.058,2.397,16
9/26/18 14:03,37.44,2.418,16
9/26/18 15:03,37.182,2.403,16
9/26/18 16:03,43.875,2.805,16
9/26/18 17:03,59.912,3.719,16
9/26/18 18:03,36.854,2.378,16
9/26/18 19:03,41.055,2.643,16
9/26/18 20:03,36.354,2.357,16
9/26/18 21:03,36.101,2.346,16
9/26/18 22:03,37.066,2.405,16
9/26/18 23:03,35.005,2.28,16
9/27/18 0:03,34.235,2.232,16
9/27/18 1:03,36.233,2.358,16
9/27/18 2:03,35.196,2.288,16
9/27/18 3:03,41.411,2.692,16
9/27/18 4:03,36.55,2.374,16
9/27/18 5:03,47.473,3.018,16
9/27/18 6:03,36.485,2.368,16
9/27/18 7:03,57.676,3.605,16
9/27/18 8:03,43.474,2.819,16
9/27/18 9:03,35.585,2.315,16
9/27/18 10:03,35.527,2.315,16
9/27/18 11:03,35.527,2.315,16
9/27/18 12:03,35.653,2.322,16
9/27/18 18:03,42.209,2.711,16
9/27/18 19:03,60.323,3.779,16
9/27/18 20:03,33.646,2.191,16
9/27/18 21:03,35.202,2.293,16
9/27/18 22:03,32.025,2.087,16
9/27/18 23:03,28.206,1.838,16
9/28/18 0:03,25.552,1.668,16
9/28/18 1:03,23.744,1.551,16
9/28/18 2:03,27.948,1.823,16
9/28/18 3:03,22.641,1.48,16
9/28/18 4:03,28.73,1.874,16
9/28/18 5:03,34.082,2.209,16
9/28/18 6:03,54.063,3.392,16
9/28/18 7:03,49.377,3.114,16
9/28/18 8:03,43.35,2.77,16
9/28/18 9:03,38.887,2.528,16
9/28/18 10:03,35.008,2.282,16
9/28/18 11:03,31.188,2.032,16
9/28/18 12:03,23.545,1.536,16
9/28/18 13:03,29.502,1.923,16
9/28/18 14:03,28.529,1.859,16
9/28/18 15:03,38.757,2.52,16
9/28/18 16:03,32.91,2.129,16
9/28/18 17:03,47.699,3.009,16
9/28/18 18:03,40.766,2.605,16
9/28/18 19:03,40.252,2.575,16
9/28/18 20:03,37.587,2.439,16
9/28/18 21:03,37.26,2.419,16
9/28/18 22:03,40.487,2.62,16
9/28/18 23:03,35.643,2.314,16
9/29/18 0:03,36.1,2.345,16
9/29/18 1:03,35.64,2.312,16
9/29/18 2:03,34.477,2.239,16
9/29/18 3:03,35.896,2.326,16
9/29/18 4:03,37.588,2.44,16
9/29/18 5:03,42.955,2.786,16
9/29/18 6:03,43.391,2.803,16
9/29/18 7:03,44.288,2.854,16
9/29/18 8:03,41,2.648,16
9/29/18 9:03,39.455,2.553,16
9/29/18 10:03,38.552,2.498,16
9/29/18 11:03,39.066,2.531,16
9/29/18 12:03,38.546,2.494,16
9/29/18 13:03,37.775,2.449,16
9/29/18 14:03,36.54,2.365,16
9/29/18 15:03,34.724,2.247,16
9/29/18 16:03,39.248,2.533,16
9/29/18 17:03,41.421,2.652,16
9/29/18 18:03,38.721,2.492,16
9/29/18 19:03,50.792,3.192,16
9/29/18 20:03,43.99,2.799,16
9/29/18 21:03,44.917,2.879,16
9/29/18 22:03,44.388,2.834,16
9/29/18 23:03,43.592,2.819,16
9/30/18 0:03,45.064,2.9,16
9/30/18 1:03,45.628,2.92,16
9/30/18 2:03,43.639,2.808,16
9/30/18 3:03,45.571,2.921,16
9/30/18 4:03,46.717,2.983,16
9/30/18 5:03,46.127,2.939,16
9/30/18 6:03,45.382,2.917,16
9/30/18 7:03,50.442,3.2,16
9/30/18 8:03,51.215,3.249,16
9/30/18 9:03,48.01,3.065,16
9/30/18 10:03,40.967,2.618,16
9/30/18 11:03,77.216,4.71,16
9/30/18 12:03,48.806,3.081,16
9/30/18 13:03,72.607,4.455,16
9/30/18 14:03,67.183,4.159,16
9/30/18 15:03,62.879,3.904,16
9/30/18 16:03,61.277,3.813,16
9/30/18 17:03,68.26,4.203,16
9/30/18 18:03,82.3,4.995,16
9/30/18 19:03,82.306,4.994,16
9/30/18 20:03,88.201,5.331,16
9/30/18 21:03,85.387,5.176,16
9/30/18 22:03,82.578,5.022,16
10/1/18 0:03,82.065,4.994,16
10/1/18 1:03,72.389,4.457,16
10/1/18 2:03,69.048,4.264,16
10/1/18 3:03,76.624,4.698,16
10/1/18 4:03,93.186,5.595,16
10/1/18 5:03,85.079,5.166,16
10/1/18 6:03,77.701,4.745,16
10/1/18 7:03,72.116,4.425,16
10/1/18 8:03,75.433,4.597,16
10/1/18 9:03,86.842,5.24,16
10/1/18 10:03,86.262,5.203,16
10/1/18 11:03,83.052,5.018,16
10/1/18 12:03,80.707,4.909,16
10/1/18 13:03,71.276,4.375,16
10/1/18 14:03,56.446,3.524,16
10/1/18 15:03,58.289,3.614,16
10/1/18 16:03,59.369,3.719,16
10/1/18 17:03,55.892,3.512,16
10/1/18 18:03,65.309,4.09,16
10/1/18 19:03,66.529,4.16,16
10/1/18 20:03,75.612,4.653,16
10/1/18 21:03,83.665,5.084,16
10/1/18 22:03,81.794,4.972,16
10/1/18 23:03,94.257,5.637,16
10/2/18 0:03,78.235,4.801,16
10/2/18 1:03,72.746,4.511,16
10/2/18 2:03,69.993,4.36,16
10/2/18 3:03,97.584,5.783,16
10/2/18 4:03,95.089,5.636,16
10/2/18 5:03,60.469,3.794,16
10/2/18 6:03,62.238,3.925,16
10/2/18 7:03,64.55,4.057,16
10/2/18 8:03,64.742,4.069,16
10/2/18 9:03,69.04,4.316,16
10/2/18 10:03,68.735,4.257,16
10/2/18 11:03,93.52,5.556,16
10/2/18 12:03,85.728,5.205,16
10/2/18 13:03,84.802,5.189,16
10/2/18 14:03,68.511,4.269,16
10/2/18 15:03,67.38,4.226,16
10/2/18 16:03,72.36,4.494,16
10/2/18 17:03,65.52,4.124,16
10/2/18 18:03,61.328,3.865,16
10/2/18 19:03,60.174,3.801,16
10/2/18 20:03,63.425,3.966,16
10/2/18 21:03,70.195,4.324,16
10/2/18 22:03,66.429,4.184,16
10/2/18 23:03,67.829,4.254,16
10/3/18 0:03,68.093,4.275,16
10/3/18 1:03,73.915,4.595,16
10/3/18 2:03,78.919,4.87,16
10/3/18 3:03,79.68,4.906,16
10/3/18 4:03,78.824,4.838,16
10/3/18 5:03,77.881,4.801,16
10/3/18 6:03,82.961,5.044,16
10/3/18 7:03,70.971,4.423,16
10/3/18 8:03,75.329,4.668,16
10/3/18 9:03,65.709,4.127,16
10/3/18 10:03,78.155,4.834,16
10/3/18 11:03,81.09,4.985,16
10/3/18 12:03,78.849,4.864,16
10/3/18 13:03,80.697,4.962,16
10/3/18 14:03,70.332,4.395,16
10/3/18 15:03,85.046,5.185,16
10/3/18 16:03,80.763,4.959,16
10/3/18 17:03,65.761,4.114,16
10/3/18 18:03,77.188,4.772,16
10/3/18 19:03,68.846,4.294,16
10/3/18 20:03,66.73,4.176,16
10/3/18 21:03,71.549,4.461,16
10/3/18 22:03,75.017,4.661,16
10/3/18 23:03,81.587,5,16
10/4/18 0:03,85.787,5.206,16
10/4/18 1:03,77.944,4.809,16
10/4/18 2:03,71.93,4.48,16
10/4/18 3:03,74.435,4.626,16
10/4/18 4:03,66.41,4.163,16
10/4/18 5:03,67.376,4.22,16
10/4/18 6:03,61.791,3.897,16
10/4/18 7:03,62.619,3.943,16
10/4/18 8:03,69.367,4.337,16
10/4/18 9:03,68.081,4.26,16
10/4/18 10:03,66.53,4.16,16
10/4/18 11:03,87.44,5.279,16
10/4/18 12:03,76.674,4.748,16
10/4/18 13:03,86.979,5.244,16
10/4/18 14:03,92.145,5.5,16
10/4/18 15:03,91.576,5.478,16
10/4/18 16:03,86.395,5.263,16
10/4/18 17:03,71.659,4.445,16
10/4/18 18:03,73.267,4.541,16
10/4/18 19:03,63.041,3.935,16
10/4/18 20:03,62.722,3.918,16
10/4/18 21:03,83.132,5.09,16
10/4/18 22:03,87.98,5.336,16
10/4/18 23:03,86.906,5.288,16
10/5/18 0:03,96.275,5.754,16
10/5/18 1:03,83.713,5.124,16
10/5/18 2:03,93.515,5.598,16
10/5/18 3:03,89.103,5.37,16
10/5/18 4:03,89.442,5.403,16
10/5/18 5:03,84.361,5.106,16
10/5/18 6:03,83.424,5.082,16
10/5/18 7:03,82.898,5.035,16
10/5/18 8:03,80.724,4.92,16
10/5/18 9:03,84.285,5.096,16
10/5/18 10:03,85.163,5.183,16
10/5/18 11:03,81.425,4.953,16
10/5/18 12:03,81.937,4.983,16
10/5/18 13:03,86.542,5.229,16
10/5/18 14:03,87.623,5.285,16
10/5/18 15:03,93.645,5.617,16
10/5/18 16:03,95.94,5.731,16
10/5/18 17:03,94.65,5.656,16
10/5/18 18:03,94.014,5.622,16
10/5/18 19:03,93.629,5.598,16
10/5/18 20:03,93.313,5.586,16
10/5/18 21:03,93.059,5.575,16
10/5/18 22:03,90.819,5.452,16
10/5/18 23:03,91.721,5.507,16
10/6/18 0:03,87.244,5.271,16
10/6/18 1:03,81.372,4.965,16
10/6/18 2:03,82.595,5.037,16
10/6/18 3:03,85.222,5.183,16
10/6/18 4:03,86.944,5.27,16
10/6/18 5:03,89.242,5.388,16
10/6/18 6:03,90.268,5.447,16
10/6/18 7:03,91.362,5.511,16
10/6/18 8:03,89.818,5.424,16
10/6/18 9:03,91.229,5.501,16
10/6/18 10:03,93.795,5.64,16
10/6/18 11:03,94.82,5.698,16
10/6/18 12:03,96.42,5.785,16
10/6/18 13:03,88.289,5.346,16
10/6/18 14:03,79.837,4.881,16
10/6/18 15:03,79.005,4.838,16
10/6/18 16:03,80.669,4.93,16
10/6/18 17:03,81.632,4.982,16
10/6/18 18:03,82.847,5.046,16
10/6/18 19:03,82.53,5.031,16
10/6/18 20:03,96.233,5.784,16
10/6/18 21:03,81.066,4.959,16
10/6/18 22:03,73.632,4.546,16
10/6/18 23:03,84.779,5.162,16
10/7/18 0:03,76.257,4.688,16
10/7/18 1:03,81.826,4.994,16
10/7/18 2:03,90.702,5.459,16
10/7/18 3:03,73.94,4.553,16
10/7/18 4:03,84.638,5.144,16
10/7/18 5:03,96.269,5.751,16
10/7/18 6:03,76.129,4.679,16
10/7/18 7:03,94.363,5.662,16
10/7/18 8:03,95.387,5.713,16
10/7/18 9:03,97.503,5.831,16
10/7/18 10:03,89.082,5.405,16
10/7/18 11:03,87.032,5.295,16
10/7/18 12:03,82.179,5.04,16
10/7/18 13:03,89.225,5.429,16
10/7/18 14:03,89.665,5.441,16
10/7/18 15:03,89.768,5.425,16
10/7/18 16:03,89.011,5.393,16
10/7/18 17:03,89.577,5.413,16
10/7/18 18:03,94.021,5.622,16
10/7/18 19:03,94.457,5.634,16
10/7/18 20:03,93.82,5.602,16
10/7/18 21:03,94.399,5.637,16
10/7/18 22:03,94.142,5.624,16
10/7/18 23:03,94.273,5.638,16
10/8/18 0:03,94.058,5.659,16
10/8/18 1:03,86.705,5.269,16
10/8/18 2:03,85.687,5.218,16
10/8/18 3:03,90.986,5.495,16
10/8/18 4:03,88.307,5.36,16
10/8/18 5:03,89.714,5.432,16
10/8/18 6:03,93.036,5.606,16
10/8/18 7:03,87.161,5.298,16
10/8/18 8:03,89.829,5.429,16
10/8/18 9:03,92.716,5.588,16
10/8/18 10:03,93.162,5.613,16
10/8/18 11:03,93.806,5.647,16
10/8/18 12:03,96.672,5.791,16
10/8/18 13:03,96.606,5.783,16
10/8/18 14:03,95.014,5.705,16
10/8/18 15:03,94.756,5.69,16
10/8/18 16:03,93.61,5.634,16
10/8/18 17:03,93.226,5.612,16
10/8/18 18:03,90.537,5.468,16
10/8/18 19:03,93.414,5.622,16
10/8/18 20:03,92.135,5.553,16
10/8/18 21:03,92.583,5.575,16
10/8/18 22:03,92.518,5.573,16
10/8/18 23:03,78.554,4.804,16
10/9/18 0:03,91.238,5.504,16
10/9/18 1:03,93.974,5.634,16
10/9/18 2:03,89.696,5.415,16
10/9/18 3:03,85.142,5.16,16
10/9/18 4:03,93.464,5.613,16
10/9/18 5:03,91.428,5.51,16
10/9/18 6:03,91.618,5.522,16
10/9/18 7:03,89.756,5.416,16
10/9/18 8:03,86.373,5.24,16
10/9/18 9:03,89.332,5.412,16
10/9/18 10:03,88.116,5.347,16
10/9/18 11:03,89.197,5.401,16
10/9/18 12:03,89.84,5.439,16
10/9/18 13:03,91.052,5.502,16
10/9/18 14:03,83.848,5.132,16
10/9/18 15:03,91.698,5.538,16
10/9/18 16:03,92.837,5.592,16
10/9/18 17:03,92.903,5.591,16
10/9/18 18:03,93.092,5.603,16
10/9/18 19:03,93.222,5.61,16
10/9/18 20:03,95.408,5.745,16
10/9/18 21:03,93.733,5.642,16
10/9/18 22:03,92.393,5.568,16
10/9/18 23:03,92.009,5.547,16
10/10/18 0:03,90.795,5.484,16
10/10/18 1:03,91.497,5.522,16
10/10/18 2:03,90.159,5.451,16
10/10/18 3:03,89.771,5.431,16
10/10/18 4:03,92.262,5.564,16
10/10/18 5:03,98.344,5.94,16
10/10/18 6:03,92.91,5.601,16
10/10/18 7:03,92.203,5.564,16
10/10/18 8:03,87.49,5.325,16
10/10/18 9:03,90.439,5.49,16
10/10/18 10:03,1.10E+12,1.10E+12,16
10/10/18 11:03,93.48,5.63,16
10/10/18 12:03,95.786,5.756,16
10/10/18 13:03,97.204,5.84,16
10/10/18 14:03,97.847,5.878,16
10/10/18 15:03,101.124,6.072,16
10/10/18 16:03,96.751,5.813,16
10/10/18 17:03,97.521,5.853,16
10/10/18 18:03,93.604,5.623,16
10/10/18 19:03,94.116,5.655,16
10/10/18 20:03,89.657,5.433,16
10/10/18 21:03,78.881,4.828,16
10/10/18 22:03,89.471,5.431,16
10/10/18 23:03,75.4,4.677,16
10/11/18 0:03,78.787,4.861,16
10/11/18 1:03,96.949,5.827,16
10/11/18 2:03,96.038,5.762,16
10/11/18 3:03,95.077,5.707,16
10/11/18 4:03,99.25,5.956,16
10/11/18 5:03,98.229,5.896,16
10/11/18 6:03,95.971,5.759,16
10/11/18 7:03,92.516,5.599,16
10/11/18 8:03,89.447,5.415,16
10/11/18 9:03,66.776,4.163,16
10/11/18 10:03,62.473,3.913,16
10/11/18 11:03,63.56,3.975,16
10/11/18 12:03,64.141,4.012,16
10/11/18 13:03,62.214,3.898,16
10/11/18 14:03,82.272,5.015,16
10/11/18 15:03,96.923,5.798,16
10/11/18 16:03,95.89,5.735,16
10/11/18 17:03,99.3,5.932,16
10/11/18 18:03,93.52,5.602,16
10/11/18 19:03,83.547,5.087,16
10/11/18 20:03,73.837,4.573,16
10/11/18 21:03,64.977,4.062,16
10/11/18 22:03,60.149,3.771,16
10/11/18 23:03,54.698,3.462,16
10/12/18 0:03,53.796,3.408,16
10/12/18 1:03,66.294,4.119,16
10/12/18 2:03,76.943,4.718,16
10/12/18 3:03,87.262,5.285,16
10/12/18 4:03,92.381,5.563,16
10/12/18 5:03,74.101,4.553,16
10/12/18 6:03,66.465,4.113,16
10/12/18 7:03,65.434,4.05,16
10/12/18 8:03,55.756,3.493,16
10/12/18 9:03,48.828,3.099,16
10/12/18 10:03,44.385,2.828,16
10/12/18 11:03,46.452,2.958,16
10/12/18 12:03,48.132,3.066,16
10/12/18 13:03,46.834,2.978,16
10/12/18 14:03,55.984,3.485,16
10/12/18 15:03,61.639,3.821,16
10/12/18 16:03,63.438,3.926,16
10/12/18 17:03,62.485,3.878,16
10/12/18 18:03,67.95,4.21,16
10/12/18 19:03,63.828,3.962,16
10/12/18 20:03,49.778,3.145,16
10/12/18 21:03,45.22,2.875,16
10/12/18 22:03,42.83,2.726,16
10/12/18 23:03,44.506,2.83,16
10/13/18 0:03,41.737,2.664,16
10/13/18 1:03,43.6,2.772,16
10/13/18 2:03,44.632,2.835,16
10/13/18 3:03,46.942,2.97,16
10/13/18 4:03,55.104,3.451,16
10/13/18 5:03,55.225,3.455,16
10/13/18 6:03,52.591,3.298,16
10/13/18 7:03,60.415,3.754,16
10/13/18 8:03,49.438,3.112,16
10/13/18 9:03,49.249,3.102,16
10/13/18 10:03,49.387,3.116,16
10/13/18 11:03,52.111,3.295,16
10/13/18 12:03,51.795,3.281,16
10/13/18 13:03,44.059,2.804,16
10/13/18 14:03,43.159,2.752,16
10/13/18 15:03,48.275,3.088,16
10/13/18 16:03,55.231,3.46,16
10/13/18 17:03,53.173,3.337,16
10/13/18 18:03,59.703,3.717,16
10/13/18 19:03,69.612,4.305,16
10/13/18 20:03,50.079,3.149,16
10/13/18 21:03,50.158,3.217,16
10/13/18 22:03,44.422,2.813,16
10/13/18 23:03,43.467,2.762,16
10/14/18 0:03,50.086,3.151,16
10/14/18 1:03,46.953,2.98,16
10/14/18 2:03,45.034,2.874,16
10/14/18 3:03,48.496,3.076,16
10/14/18 4:03,41.585,2.635,16
10/14/18 5:03,37.275,2.377,16
10/14/18 6:03,50.522,3.17,16
10/14/18 7:03,60.88,3.797,16
10/14/18 8:03,60.558,3.775,16
10/14/18 9:03,61.139,3.811,16
10/14/18 10:03,49.313,3.104,16
10/14/18 11:03,47.831,3.016,16
10/14/18 12:03,52.016,3.266,16
10/14/18 13:03,51.167,3.204,16
10/14/18 14:03,49.788,3.154,16
10/14/18 15:03,55.329,3.489,16
10/14/18 16:03,47.707,3.007,16
10/14/18 17:03,51.619,3.235,16
10/14/18 18:03,54.57,3.409,16
10/14/18 19:03,44.303,2.809,16
10/14/18 20:03,48.673,3.069,16
10/14/18 21:03,42.559,2.702,16
10/14/18 22:03,46.099,2.915,16
10/14/18 23:03,39.158,2.504,16
10/15/18 0:03,42.302,2.686,16
10/15/18 1:03,49.692,3.123,16
10/15/18 2:03,39.4,2.507,16
10/15/18 3:03,38.711,2.482,16
10/15/18 4:03,53.897,3.393,16
10/15/18 5:03,41.988,2.675,16
10/15/18 6:03,42.17,2.675,16
10/15/18 7:03,37.859,2.416,16
10/15/18 8:03,40.893,2.609,16
10/15/18 9:03,50.274,3.159,16
10/15/18 10:03,49.695,3.126,16
10/15/18 11:03,43.159,2.754,16
10/15/18 12:03,40.852,2.625,16
10/15/18 13:03,35.954,2.325,16
10/15/18 14:03,46.358,2.986,16
10/15/18 15:03,43.595,2.822,16
10/15/18 16:03,42.569,2.762,16
10/15/18 17:03,49.104,3.182,16
10/15/18 18:03,44.943,2.902,16
10/15/18 19:03,47.814,3.1,16
10/15/18 20:03,45.816,2.932,16
10/15/18 21:03,40.481,2.615,16
10/15/18 22:03,41.263,2.666,16
10/15/18 23:03,37.318,2.414,16
10/16/18 0:03,40.535,2.61,16
10/16/18 1:03,39.881,2.562,16
10/16/18 2:03,43.793,2.835,16
10/16/18 3:03,42.039,2.718,16
10/16/18 4:03,50.009,3.238,16
10/16/18 5:03,51.373,3.331,16
10/16/18 6:03,42.638,2.72,16
10/16/18 7:03,41.307,2.654,16
10/16/18 8:03,42.034,2.715,16
10/16/18 9:03,41.626,2.671,16
10/16/18 10:03,48.457,3.14,16
10/16/18 11:03,40.933,2.645,16
10/16/18 12:03,51.249,3.327,16
10/16/18 13:03,52.418,3.404,16
10/16/18 14:03,49.105,3.183,16
10/16/18 15:03,49.229,3.188,16
10/16/18 16:03,51.633,3.349,16
10/16/18 17:03,51.319,3.336,16
10/16/18 18:03,52.281,3.392,16
10/16/18 19:03,97.584,6.023,16
10/16/18 20:03,49.328,3.17,16
10/16/18 21:03,51.692,3.351,16
10/16/18 22:03,51.598,3.27,16
10/16/18 23:03,50.457,3.267,16
10/17/18 0:03,50.733,3.297,16
10/17/18 1:03,48.005,3.114,16
10/17/18 2:03,49.038,3.176,16
10/17/18 3:03,51.191,3.326,16
10/17/18 4:03,51.381,3.338,16
10/17/18 5:03,50.089,3.257,16
10/17/18 6:03,50.032,3.258,16
10/17/18 7:03,52.104,3.39,16
10/17/18 8:03,52.622,3.426,16
10/17/18 9:03,47.445,3.042,16
10/17/18 10:03,48.728,3.119,16
10/17/18 11:03,49.033,3.174,16
10/17/18 12:03,50.924,3.306,16
10/17/18 13:03,48.655,3.158,16
10/17/18 14:03,48.66,3.162,16
10/17/18 15:03,49.178,3.195,16
10/17/18 16:03,49.177,3.195,16
10/17/18 17:03,48.379,3.126,16
10/17/18 18:03,49.235,3.195,16
10/17/18 19:03,49.097,3.178,16
10/17/18 20:03,48.971,3.171,16
10/17/18 21:03,45.606,2.953,16
10/17/18 22:03,46.196,3,16
10/17/18 23:03,50.792,3.247,16
10/18/18 0:03,48.897,3.162,16
10/18/18 1:03,47.281,3.057,16
10/18/18 2:03,48.132,3.118,16
10/18/18 3:03,52.42,3.408,16
10/18/18 4:03,52.349,3.402,16
10/18/18 5:03,52.61,3.42,16
10/18/18 6:03,51.18,3.321,16
10/18/18 7:03,47.937,3.106,16
10/18/18 8:03,45.656,2.945,16
10/18/18 9:03,115.017,7.089,16
10/18/18 10:03,49.601,3.2,16
10/18/18 11:03,49.466,3.189,16
10/18/18 12:03,52.274,3.389,16
10/18/18 13:03,50.846,3.291,16
10/18/18 14:03,52.405,3.397,16
10/18/18 15:03,50.989,3.312,16
10/18/18 16:03,52.276,3.391,16
10/18/18 17:03,51.115,3.32,16
10/18/18 18:03,50.404,3.272,16
10/18/18 19:03,52.012,3.37,16
10/18/18 20:03,51.62,3.343,16
10/18/18 21:03,51.687,3.349,16
10/18/18 22:03,52.695,3.392,16
10/18/18 23:03,50.308,3.243,16
10/19/18 0:03,47.449,3.046,16
10/19/18 1:03,49.005,3.149,16
10/19/18 2:03,48.224,3.097,16
10/19/18 3:03,49.063,3.148,16
10/19/18 4:03,43.554,2.784,16
10/19/18 5:03,41.952,2.694,16
10/19/18 6:03,41.433,2.66,16
10/19/18 7:03,43.303,2.775,16
10/19/18 8:03,45.826,2.94,16
10/19/18 9:03,44.084,2.828,16
10/19/18 10:03,54.294,3.482,16
10/19/18 11:03,53.644,3.436,16
10/19/18 12:04,89.259,5.511,16
10/19/18 13:03,54.023,3.454,16
10/19/18 14:04,55.121,3.522,16
10/19/18 15:04,53.046,3.382,16
10/19/18 16:04,49.884,3.184,16
10/19/18 17:04,47.242,3.023,16
10/19/18 18:04,48.469,3.101,16
10/19/18 19:04,44.936,2.895,16
10/19/18 20:04,46.867,3.009,16
10/19/18 21:04,49.312,3.156,16
10/19/18 22:04,44.995,2.891,16
10/19/18 23:04,47.318,3.039,16
10/20/18 0:04,46.612,2.997,16
10/20/18 1:04,96.448,5.964,16
10/20/18 2:04,67.258,4.231,16
10/20/18 3:04,52.533,3.355,16
10/20/18 4:04,56.271,3.585,16
10/20/18 5:04,47.576,3.054,16
10/20/18 6:04,43.893,2.821,16
10/20/18 7:04,41.38,2.666,16
10/20/18 8:04,41.833,2.698,16
10/20/18 9:04,47.061,3.025,16
10/20/18 10:04,43.263,2.793,16
10/20/18 11:04,42.422,2.74,16
10/20/18 12:04,60.972,3.867,16
10/20/18 13:04,49.829,3.192,16
10/20/18 14:04,73.193,4.593,16
10/20/18 15:04,58.394,3.711,16
10/20/18 16:04,67.452,4.243,16
10/20/18 17:04,53.637,3.428,16
10/20/18 18:04,50.159,3.219,16
10/20/18 19:04,44.545,2.866,16
10/20/18 20:04,45.582,2.932,16
10/20/18 21:04,46.489,2.992,16
10/20/18 22:04,44.61,2.873,16
10/20/18 23:04,60.392,3.832,16
10/21/18 0:04,53.121,3.397,16
10/21/18 1:04,70.028,4.399,16
10/21/18 2:04,69.129,4.35,16
10/21/18 3:04,66.292,4.176,16
10/21/18 4:04,53.194,3.409,16
10/21/18 5:04,56.733,3.62,16
10/21/18 6:04,43.329,2.8,16
10/21/18 7:04,41.912,2.71,16
10/21/18 8:04,36.737,2.378,16
10/21/18 9:04,36.473,2.358,16
10/21/18 10:04,49.725,3.204,16
10/21/18 11:04,52.112,3.352,16
10/21/18 12:04,53.529,3.441,16
10/21/18 13:04,51.285,3.311,16
10/21/18 14:04,57.45,3.673,16
10/21/18 15:04,99.515,6.177,16
10/21/18 16:04,76.013,4.757,16
10/21/18 17:04,64.126,4.059,16
10/21/18 18:04,49.486,3.205,16
10/21/18 19:04,39.066,2.531,16
10/21/18 20:04,39.465,2.562,16
10/21/18 21:04,37.513,2.431,16
10/21/18 22:04,48.462,3.147,16
10/21/18 23:04,45.356,2.945,16
10/22/18 0:04,51.401,3.31,16
10/22/18 1:04,53.131,3.406,16
10/22/18 2:04,53.389,3.422,16
10/22/18 3:04,54.541,3.485,16
10/22/18 4:04,52.431,3.369,16
10/22/18 5:04,52.871,3.39,16
10/22/18 6:04,51.532,3.317,16
10/22/18 7:04,43.017,2.789,16
10/22/18 8:04,44.132,2.87,16
10/22/18 9:04,43.486,2.829,16
10/22/18 10:04,44.387,2.882,16
10/22/18 11:04,49.352,3.192,16
10/22/18 12:04,46.581,3.021,16
10/22/18 13:04,58.471,3.724,16
10/22/18 14:04,81.439,5.097,16
10/22/18 15:04,68.622,4.321,16
10/22/18 16:04,55.24,3.52,16
10/22/18 17:04,46.273,2.961,16
10/22/18 18:04,41.754,2.679,16
10/22/18 19:04,47.597,3.072,16
10/22/18 20:04,51.463,3.308,16
10/22/18 21:04,46.566,3.008,16
10/22/18 23:04,49.147,3.171,16
10/23/18 0:04,50.107,3.225,16
10/23/18 1:04,54.833,3.477,16
10/23/18 2:04,65.805,4.162,16
10/23/18 3:04,53.938,3.427,16
10/23/18 4:04,79.314,4.967,16
10/23/18 5:04,70.623,4.439,16
10/23/18 6:04,69.259,4.351,16
10/23/18 7:04,62.877,3.958,16
10/23/18 8:04,56.502,3.576,16
10/23/18 9:04,56.833,3.605,16
10/23/18 10:04,61.525,3.878,16
10/23/18 11:04,65.761,4.122,16
10/24/18 8:04,93.785,5.827,16
10/24/18 9:04,63.978,4.029,16
10/24/18 10:04,60.102,3.784,16
10/24/18 11:04,65.776,4.131,16
10/24/18 12:04,66.738,4.186,16
10/24/18 13:04,73.824,4.625,16
10/24/18 14:04,62.514,3.96,16
10/24/18 15:04,61.413,3.89,16
10/24/18 16:04,61.922,3.913,16
10/24/18 17:04,77.744,4.855,16
10/24/18 18:04,62.038,3.912,16
10/24/18 19:04,82.008,5.118,16
10/24/18 20:04,77.367,4.837,16
10/24/18 21:04,83.368,5.204,16
10/24/18 22:04,85.178,5.319,16
10/24/18 23:04,86.594,5.405,16
10/25/18 0:04,88.266,5.501,16
10/25/18 1:04,87.806,5.468,16
10/25/18 2:04,89.481,5.57,16
10/25/18 3:04,90.065,5.607,16
10/25/18 4:04,91.799,5.713,16
10/25/18 5:04,92.311,5.739,16
10/25/18 6:04,99.061,6.144,16
10/25/18 7:04,104.394,6.465,16
10/25/18 8:04,96.555,5.998,16
10/25/18 9:04,90.711,5.651,16
10/25/18 10:04,88.784,5.539,16
10/25/18 11:04,92.05,5.726,16
10/25/18 12:04,91.335,5.677,16
10/25/18 13:04,103.91,6.438,16